<INSTANCE CLASSNAME="SMS_Application">
  <QUALIFIER NAME="dynamic" PROPAGATED="true" TYPE="boolean" TOSUBCLASS="false" TOINSTANCE="true">
    <VALUE>TRUE</VALUE>
  </QUALIFIER>
  <QUALIFIER NAME="SecurityVerbs" TYPE="sint32" TOSUBCLASS="false">
    <VALUE>-1</VALUE>
  </QUALIFIER>
  <PROPERTY NAME="__PATH" CLASSORIGIN="___SYSTEM" TYPE="string">
    <VALUE>\\CM01\root\sms\site_PS1:SMS_Application.CI_ID=16780084</VALUE>
  </PROPERTY>
  <PROPERTY NAME="__NAMESPACE" CLASSORIGIN="___SYSTEM" TYPE="string">
    <VALUE>root\sms\site_PS1</VALUE>
  </PROPERTY>
  <PROPERTY NAME="__SERVER" CLASSORIGIN="___SYSTEM" TYPE="string">
    <VALUE>CM01</VALUE>
  </PROPERTY>
  <PROPERTY.ARRAY NAME="__DERIVATION" CLASSORIGIN="___SYSTEM" TYPE="string">
    <VALUE.ARRAY>
      <VALUE>SMS_ConfigurationItemBaseClass</VALUE>
      <VALUE>SMS_BaseClass</VALUE>
    </VALUE.ARRAY>
  </PROPERTY.ARRAY>
  <PROPERTY NAME="__PROPERTY_COUNT" CLASSORIGIN="___SYSTEM" TYPE="sint32">
    <VALUE>66</VALUE>
  </PROPERTY>
  <PROPERTY NAME="__RELPATH" CLASSORIGIN="___SYSTEM" TYPE="string">
    <VALUE>SMS_Application.CI_ID=16780084</VALUE>
  </PROPERTY>
  <PROPERTY NAME="__DYNASTY" CLASSORIGIN="___SYSTEM" TYPE="string">
    <VALUE>SMS_BaseClass</VALUE>
  </PROPERTY>
  <PROPERTY NAME="__SUPERCLASS" CLASSORIGIN="___SYSTEM" TYPE="string">
    <VALUE>SMS_ConfigurationItemBaseClass</VALUE>
  </PROPERTY>
  <PROPERTY NAME="__CLASS" CLASSORIGIN="___SYSTEM" TYPE="string">
    <VALUE>SMS_Application</VALUE>
  </PROPERTY>
  <PROPERTY NAME="__GENUS" CLASSORIGIN="___SYSTEM" TYPE="sint32">
    <VALUE>2</VALUE>
  </PROPERTY>
  <PROPERTY NAME="ApplicabilityCondition" CLASSORIGIN="SMS_ConfigurationItemBaseClass" TYPE="string">
    <QUALIFIER NAME="CIMTYPE" PROPAGATED="true" TYPE="string" TOINSTANCE="true">
      <VALUE>string</VALUE>
    </QUALIFIER>
    <VALUE></VALUE>
  </PROPERTY>
  <PROPERTY.ARRAY NAME="CategoryInstance_UniqueIDs" CLASSORIGIN="SMS_ConfigurationItemBaseClass" TYPE="string">
    <QUALIFIER NAME="CIMTYPE" PROPAGATED="true" TYPE="string" TOINSTANCE="true">
      <VALUE>string</VALUE>
    </QUALIFIER>
    <VALUE.ARRAY></VALUE.ARRAY>
  </PROPERTY.ARRAY>
  <PROPERTY NAME="CI_ID" CLASSORIGIN="SMS_ConfigurationItemBaseClass" TYPE="uint32">
    <QUALIFIER NAME="CIMTYPE" PROPAGATED="true" TYPE="string" TOINSTANCE="true">
      <VALUE>uint32</VALUE>
    </QUALIFIER>
    <QUALIFIER NAME="key" PROPAGATED="true" TYPE="boolean" OVERRIDABLE="false" TOINSTANCE="true">
      <VALUE>TRUE</VALUE>
    </QUALIFIER>
    <VALUE>16780084</VALUE>
  </PROPERTY>
  <PROPERTY NAME="CI_UniqueID" CLASSORIGIN="SMS_ConfigurationItemBaseClass" TYPE="string">
    <QUALIFIER NAME="CIMTYPE" PROPAGATED="true" TYPE="string" TOINSTANCE="true">
      <VALUE>string</VALUE>
    </QUALIFIER>
    <VALUE>ScopeId_6AD5E4BF-8C0C-4106-A43C-F604267D7FCD/Application_cd960005-4c96-46d1-a687-4de89416aa86/5</VALUE>
  </PROPERTY>
  <PROPERTY NAME="CIType_ID" CLASSORIGIN="SMS_ConfigurationItemBaseClass" TYPE="uint32">
    <QUALIFIER NAME="CIMTYPE" PROPAGATED="true" TYPE="string" TOINSTANCE="true">
      <VALUE>uint32</VALUE>
    </QUALIFIER>
    <VALUE>10</VALUE>
  </PROPERTY>
  <PROPERTY NAME="CIVersion" CLASSORIGIN="SMS_ConfigurationItemBaseClass" TYPE="uint32">
    <QUALIFIER NAME="CIMTYPE" PROPAGATED="true" TYPE="string" TOINSTANCE="true">
      <VALUE>uint32</VALUE>
    </QUALIFIER>
    <VALUE>5</VALUE>
  </PROPERTY>
  <PROPERTY NAME="ConfigurationFlags" CLASSORIGIN="SMS_ConfigurationItemBaseClass" TYPE="uint64">
    <QUALIFIER NAME="CIMTYPE" PROPAGATED="true" TYPE="string" TOINSTANCE="true">
      <VALUE>uint64</VALUE>
    </QUALIFIER>
    <VALUE>0</VALUE>
  </PROPERTY>
  <PROPERTY NAME="CreatedBy" CLASSORIGIN="SMS_ConfigurationItemBaseClass" TYPE="string">
    <QUALIFIER NAME="CIMTYPE" PROPAGATED="true" TYPE="string" TOINSTANCE="true">
      <VALUE>string</VALUE>
    </QUALIFIER>
    <VALUE>VIAMONSTRA\Administrator</VALUE>
  </PROPERTY>
  <PROPERTY NAME="DateCreated" CLASSORIGIN="SMS_ConfigurationItemBaseClass" TYPE="datetime">
    <QUALIFIER NAME="CIMTYPE" PROPAGATED="true" TYPE="string" TOINSTANCE="true">
      <VALUE>datetime</VALUE>
    </QUALIFIER>
    <VALUE>20200518214231.000000+000</VALUE>
  </PROPERTY>
  <PROPERTY NAME="DateLastModified" CLASSORIGIN="SMS_ConfigurationItemBaseClass" TYPE="datetime">
    <QUALIFIER NAME="CIMTYPE" PROPAGATED="true" TYPE="string" TOINSTANCE="true">
      <VALUE>datetime</VALUE>
    </QUALIFIER>
    <VALUE>20200519161349.000000+000</VALUE>
  </PROPERTY>
  <PROPERTY NAME="EffectiveDate" CLASSORIGIN="SMS_ConfigurationItemBaseClass" TYPE="datetime">
    <QUALIFIER NAME="CIMTYPE" PROPAGATED="true" TYPE="string" TOINSTANCE="true">
      <VALUE>datetime</VALUE>
    </QUALIFIER>
  </PROPERTY>
  <PROPERTY NAME="EULAAccepted" CLASSORIGIN="SMS_ConfigurationItemBaseClass" TYPE="uint32">
    <QUALIFIER NAME="CIMTYPE" PROPAGATED="true" TYPE="string" TOINSTANCE="true">
      <VALUE>uint32</VALUE>
    </QUALIFIER>
    <VALUE>2</VALUE>
  </PROPERTY>
  <PROPERTY NAME="EULAExists" CLASSORIGIN="SMS_ConfigurationItemBaseClass" TYPE="boolean">
    <QUALIFIER NAME="CIMTYPE" PROPAGATED="true" TYPE="string" TOINSTANCE="true">
      <VALUE>boolean</VALUE>
    </QUALIFIER>
    <VALUE>FALSE</VALUE>
  </PROPERTY>
  <PROPERTY NAME="EULASignoffDate" CLASSORIGIN="SMS_ConfigurationItemBaseClass" TYPE="datetime">
    <QUALIFIER NAME="CIMTYPE" PROPAGATED="true" TYPE="string" TOINSTANCE="true">
      <VALUE>datetime</VALUE>
    </QUALIFIER>
    <VALUE>19691231170000.000000+***</VALUE>
  </PROPERTY>
  <PROPERTY NAME="EULASignoffUser" CLASSORIGIN="SMS_ConfigurationItemBaseClass" TYPE="string">
    <QUALIFIER NAME="CIMTYPE" PROPAGATED="true" TYPE="string" TOINSTANCE="true">
      <VALUE>string</VALUE>
    </QUALIFIER>
    <VALUE></VALUE>
  </PROPERTY>
  <PROPERTY NAME="ExecutionContext" CLASSORIGIN="SMS_ConfigurationItemBaseClass" TYPE="uint32">
    <QUALIFIER NAME="CIMTYPE" PROPAGATED="true" TYPE="string" TOINSTANCE="true">
      <VALUE>uint32</VALUE>
    </QUALIFIER>
    <VALUE>0</VALUE>
  </PROPERTY>
  <PROPERTY NAME="Featured" CLASSORIGIN="SMS_Application" TYPE="uint32">
    <QUALIFIER NAME="CIMTYPE" PROPAGATED="true" TYPE="string" TOINSTANCE="true">
      <VALUE>uint32</VALUE>
    </QUALIFIER>
    <VALUE>0</VALUE>
  </PROPERTY>
  <PROPERTY NAME="HasContent" CLASSORIGIN="SMS_Application" TYPE="boolean">
    <QUALIFIER NAME="CIMTYPE" PROPAGATED="true" TYPE="string" TOINSTANCE="true">
      <VALUE>boolean</VALUE>
    </QUALIFIER>
    <VALUE>TRUE</VALUE>
  </PROPERTY>
  <PROPERTY NAME="IsBundle" CLASSORIGIN="SMS_ConfigurationItemBaseClass" TYPE="boolean">
    <QUALIFIER NAME="CIMTYPE" PROPAGATED="true" TYPE="string" TOINSTANCE="true">
      <VALUE>boolean</VALUE>
    </QUALIFIER>
    <VALUE>FALSE</VALUE>
  </PROPERTY>
  <PROPERTY NAME="IsDeployable" CLASSORIGIN="SMS_Application" TYPE="boolean">
    <QUALIFIER NAME="CIMTYPE" PROPAGATED="true" TYPE="string" TOINSTANCE="true">
      <VALUE>boolean</VALUE>
    </QUALIFIER>
    <VALUE>TRUE</VALUE>
  </PROPERTY>
  <PROPERTY NAME="IsDeployed" CLASSORIGIN="SMS_Application" TYPE="boolean">
    <QUALIFIER NAME="CIMTYPE" PROPAGATED="true" TYPE="string" TOINSTANCE="true">
      <VALUE>boolean</VALUE>
    </QUALIFIER>
    <VALUE>FALSE</VALUE>
  </PROPERTY>
  <PROPERTY NAME="IsDigest" CLASSORIGIN="SMS_ConfigurationItemBaseClass" TYPE="boolean">
    <QUALIFIER NAME="CIMTYPE" PROPAGATED="true" TYPE="string" TOINSTANCE="true">
      <VALUE>boolean</VALUE>
    </QUALIFIER>
    <VALUE>TRUE</VALUE>
  </PROPERTY>
  <PROPERTY NAME="IsEnabled" CLASSORIGIN="SMS_ConfigurationItemBaseClass" TYPE="boolean">
    <QUALIFIER NAME="CIMTYPE" PROPAGATED="true" TYPE="string" TOINSTANCE="true">
      <VALUE>boolean</VALUE>
    </QUALIFIER>
    <VALUE>TRUE</VALUE>
  </PROPERTY>
  <PROPERTY NAME="IsExpired" CLASSORIGIN="SMS_ConfigurationItemBaseClass" TYPE="boolean">
    <QUALIFIER NAME="CIMTYPE" PROPAGATED="true" TYPE="string" TOINSTANCE="true">
      <VALUE>boolean</VALUE>
    </QUALIFIER>
    <VALUE>FALSE</VALUE>
  </PROPERTY>
  <PROPERTY NAME="IsHidden" CLASSORIGIN="SMS_ConfigurationItemBaseClass" TYPE="boolean">
    <QUALIFIER NAME="CIMTYPE" PROPAGATED="true" TYPE="string" TOINSTANCE="true">
      <VALUE>boolean</VALUE>
    </QUALIFIER>
    <VALUE>FALSE</VALUE>
  </PROPERTY>
  <PROPERTY NAME="IsLatest" CLASSORIGIN="SMS_ConfigurationItemBaseClass" TYPE="boolean">
    <QUALIFIER NAME="CIMTYPE" PROPAGATED="true" TYPE="string" TOINSTANCE="true">
      <VALUE>boolean</VALUE>
    </QUALIFIER>
    <VALUE>TRUE</VALUE>
  </PROPERTY>
  <PROPERTY NAME="IsQuarantined" CLASSORIGIN="SMS_ConfigurationItemBaseClass" TYPE="boolean">
    <QUALIFIER NAME="CIMTYPE" PROPAGATED="true" TYPE="string" TOINSTANCE="true">
      <VALUE>boolean</VALUE>
    </QUALIFIER>
    <VALUE>FALSE</VALUE>
  </PROPERTY>
  <PROPERTY NAME="IsSuperseded" CLASSORIGIN="SMS_ConfigurationItemBaseClass" TYPE="boolean">
    <QUALIFIER NAME="CIMTYPE" PROPAGATED="true" TYPE="string" TOINSTANCE="true">
      <VALUE>boolean</VALUE>
    </QUALIFIER>
    <VALUE>FALSE</VALUE>
  </PROPERTY>
  <PROPERTY NAME="IsSuperseding" CLASSORIGIN="SMS_Application" TYPE="boolean">
    <QUALIFIER NAME="CIMTYPE" PROPAGATED="true" TYPE="string" TOINSTANCE="true">
      <VALUE>boolean</VALUE>
    </QUALIFIER>
    <VALUE>FALSE</VALUE>
  </PROPERTY>
  <PROPERTY NAME="IsUserDefined" CLASSORIGIN="SMS_ConfigurationItemBaseClass" TYPE="boolean">
    <QUALIFIER NAME="CIMTYPE" PROPAGATED="true" TYPE="string" TOINSTANCE="true">
      <VALUE>boolean</VALUE>
    </QUALIFIER>
    <VALUE>TRUE</VALUE>
  </PROPERTY>
  <PROPERTY NAME="IsVersionCompatible" CLASSORIGIN="SMS_ConfigurationItemBaseClass" TYPE="boolean">
    <QUALIFIER NAME="CIMTYPE" PROPAGATED="true" TYPE="string" TOINSTANCE="true">
      <VALUE>boolean</VALUE>
    </QUALIFIER>
  </PROPERTY>
  <PROPERTY NAME="LastModifiedBy" CLASSORIGIN="SMS_ConfigurationItemBaseClass" TYPE="string">
    <QUALIFIER NAME="CIMTYPE" PROPAGATED="true" TYPE="string" TOINSTANCE="true">
      <VALUE>string</VALUE>
    </QUALIFIER>
    <VALUE>VIAMONSTRA\Administrator</VALUE>
  </PROPERTY>
  <PROPERTY.ARRAY NAME="LocalizedCategoryInstanceNames" CLASSORIGIN="SMS_ConfigurationItemBaseClass" TYPE="string">
    <QUALIFIER NAME="CIMTYPE" PROPAGATED="true" TYPE="string" TOINSTANCE="true">
      <VALUE>string</VALUE>
    </QUALIFIER>
    <VALUE.ARRAY></VALUE.ARRAY>
  </PROPERTY.ARRAY>
  <PROPERTY NAME="LocalizedDescription" CLASSORIGIN="SMS_ConfigurationItemBaseClass" TYPE="string">
    <QUALIFIER NAME="CIMTYPE" PROPAGATED="true" TYPE="string" TOINSTANCE="true">
      <VALUE>string</VALUE>
    </QUALIFIER>
    <VALUE></VALUE>
  </PROPERTY>
  <PROPERTY NAME="LocalizedDisplayName" CLASSORIGIN="SMS_ConfigurationItemBaseClass" TYPE="string">
    <QUALIFIER NAME="CIMTYPE" PROPAGATED="true" TYPE="string" TOINSTANCE="true">
      <VALUE>string</VALUE>
    </QUALIFIER>
    <VALUE>Windows Assessment and Deployment Kit - version 2004</VALUE>
  </PROPERTY>
  <PROPERTY NAME="LocalizedInformativeURL" CLASSORIGIN="SMS_ConfigurationItemBaseClass" TYPE="string">
    <QUALIFIER NAME="CIMTYPE" PROPAGATED="true" TYPE="string" TOINSTANCE="true">
      <VALUE>string</VALUE>
    </QUALIFIER>
    <VALUE></VALUE>
  </PROPERTY>
  <PROPERTY NAME="LocalizedPropertyLocaleID" CLASSORIGIN="SMS_ConfigurationItemBaseClass" TYPE="uint32">
    <QUALIFIER NAME="CIMTYPE" PROPAGATED="true" TYPE="string" TOINSTANCE="true">
      <VALUE>uint32</VALUE>
    </QUALIFIER>
    <VALUE>65535</VALUE>
  </PROPERTY>
  <PROPERTY NAME="LogonRequirement" CLASSORIGIN="SMS_Application" TYPE="uint32">
    <QUALIFIER NAME="CIMTYPE" PROPAGATED="true" TYPE="string" TOINSTANCE="true">
      <VALUE>uint32</VALUE>
    </QUALIFIER>
    <VALUE>0</VALUE>
  </PROPERTY>
  <PROPERTY NAME="Manufacturer" CLASSORIGIN="SMS_Application" TYPE="string">
    <QUALIFIER NAME="CIMTYPE" PROPAGATED="true" TYPE="string" TOINSTANCE="true">
      <VALUE>string</VALUE>
    </QUALIFIER>
    <VALUE>Microsoft</VALUE>
  </PROPERTY>
  <PROPERTY NAME="ModelID" CLASSORIGIN="SMS_ConfigurationItemBaseClass" TYPE="uint32">
    <QUALIFIER NAME="CIMTYPE" PROPAGATED="true" TYPE="string" TOINSTANCE="true">
      <VALUE>uint32</VALUE>
    </QUALIFIER>
    <VALUE>16778608</VALUE>
  </PROPERTY>
  <PROPERTY NAME="ModelName" CLASSORIGIN="SMS_ConfigurationItemBaseClass" TYPE="string">
    <QUALIFIER NAME="CIMTYPE" PROPAGATED="true" TYPE="string" TOINSTANCE="true">
      <VALUE>string</VALUE>
    </QUALIFIER>
    <VALUE>ScopeId_6AD5E4BF-8C0C-4106-A43C-F604267D7FCD/Application_cd960005-4c96-46d1-a687-4de89416aa86</VALUE>
  </PROPERTY>
  <PROPERTY NAME="NumberOfDependentDTs" CLASSORIGIN="SMS_Application" TYPE="uint32">
    <QUALIFIER NAME="CIMTYPE" PROPAGATED="true" TYPE="string" TOINSTANCE="true">
      <VALUE>uint32</VALUE>
    </QUALIFIER>
    <VALUE>0</VALUE>
  </PROPERTY>
  <PROPERTY NAME="NumberOfDependentTS" CLASSORIGIN="SMS_Application" TYPE="uint32">
    <QUALIFIER NAME="CIMTYPE" PROPAGATED="true" TYPE="string" TOINSTANCE="true">
      <VALUE>uint32</VALUE>
    </QUALIFIER>
    <VALUE>1</VALUE>
  </PROPERTY>
  <PROPERTY NAME="NumberOfDeployments" CLASSORIGIN="SMS_Application" TYPE="uint32">
    <QUALIFIER NAME="CIMTYPE" PROPAGATED="true" TYPE="string" TOINSTANCE="true">
      <VALUE>uint32</VALUE>
    </QUALIFIER>
    <VALUE>0</VALUE>
  </PROPERTY>
  <PROPERTY NAME="NumberOfDeploymentTypes" CLASSORIGIN="SMS_Application" TYPE="uint32">
    <QUALIFIER NAME="CIMTYPE" PROPAGATED="true" TYPE="string" TOINSTANCE="true">
      <VALUE>uint32</VALUE>
    </QUALIFIER>
    <VALUE>1</VALUE>
  </PROPERTY>
  <PROPERTY NAME="NumberOfDevicesWithApp" CLASSORIGIN="SMS_Application" TYPE="uint32">
    <QUALIFIER NAME="CIMTYPE" PROPAGATED="true" TYPE="string" TOINSTANCE="true">
      <VALUE>uint32</VALUE>
    </QUALIFIER>
    <VALUE>2</VALUE>
  </PROPERTY>
  <PROPERTY NAME="NumberOfDevicesWithFailure" CLASSORIGIN="SMS_Application" TYPE="uint32">
    <QUALIFIER NAME="CIMTYPE" PROPAGATED="true" TYPE="string" TOINSTANCE="true">
      <VALUE>uint32</VALUE>
    </QUALIFIER>
    <VALUE>0</VALUE>
  </PROPERTY>
  <PROPERTY NAME="NumberOfSettings" CLASSORIGIN="SMS_Application" TYPE="uint32">
    <QUALIFIER NAME="CIMTYPE" PROPAGATED="true" TYPE="string" TOINSTANCE="true">
      <VALUE>uint32</VALUE>
    </QUALIFIER>
    <VALUE>0</VALUE>
  </PROPERTY>
  <PROPERTY NAME="NumberOfUsersWithApp" CLASSORIGIN="SMS_Application" TYPE="uint32">
    <QUALIFIER NAME="CIMTYPE" PROPAGATED="true" TYPE="string" TOINSTANCE="true">
      <VALUE>uint32</VALUE>
    </QUALIFIER>
    <VALUE>0</VALUE>
  </PROPERTY>
  <PROPERTY NAME="NumberOfUsersWithFailure" CLASSORIGIN="SMS_Application" TYPE="uint32">
    <QUALIFIER NAME="CIMTYPE" PROPAGATED="true" TYPE="string" TOINSTANCE="true">
      <VALUE>uint32</VALUE>
    </QUALIFIER>
    <VALUE>0</VALUE>
  </PROPERTY>
  <PROPERTY NAME="NumberOfUsersWithRequest" CLASSORIGIN="SMS_Application" TYPE="uint32">
    <QUALIFIER NAME="CIMTYPE" PROPAGATED="true" TYPE="string" TOINSTANCE="true">
      <VALUE>uint32</VALUE>
    </QUALIFIER>
    <VALUE>0</VALUE>
  </PROPERTY>
  <PROPERTY NAME="NumberOfVirtualEnvironments" CLASSORIGIN="SMS_Application" TYPE="uint32">
    <QUALIFIER NAME="CIMTYPE" PROPAGATED="true" TYPE="string" TOINSTANCE="true">
      <VALUE>uint32</VALUE>
    </QUALIFIER>
    <VALUE>0</VALUE>
  </PROPERTY>
  <PROPERTY NAME="PackageID" CLASSORIGIN="SMS_Application" TYPE="string">
    <QUALIFIER NAME="CIMTYPE" PROPAGATED="true" TYPE="string" TOINSTANCE="true">
      <VALUE>string</VALUE>
    </QUALIFIER>
    <VALUE>PS100086</VALUE>
  </PROPERTY>
  <PROPERTY NAME="PermittedUses" CLASSORIGIN="SMS_ConfigurationItemBaseClass" TYPE="uint32">
    <QUALIFIER NAME="CIMTYPE" PROPAGATED="true" TYPE="string" TOINSTANCE="true">
      <VALUE>uint32</VALUE>
    </QUALIFIER>
    <VALUE>0</VALUE>
  </PROPERTY>
  <PROPERTY.ARRAY NAME="PlatformCategoryInstance_UniqueIDs" CLASSORIGIN="SMS_ConfigurationItemBaseClass" TYPE="string">
    <QUALIFIER NAME="CIMTYPE" PROPAGATED="true" TYPE="string" TOINSTANCE="true">
      <VALUE>string</VALUE>
    </QUALIFIER>
    <VALUE.ARRAY></VALUE.ARRAY>
  </PROPERTY.ARRAY>
  <PROPERTY NAME="PlatformType" CLASSORIGIN="SMS_ConfigurationItemBaseClass" TYPE="uint32">
    <QUALIFIER NAME="CIMTYPE" PROPAGATED="true" TYPE="string" TOINSTANCE="true">
      <VALUE>uint32</VALUE>
    </QUALIFIER>
    <VALUE>1</VALUE>
  </PROPERTY>
  <PROPERTY.OBJECTARRAY NAME="SDMPackageLocalizedData" CLASSORIGIN="SMS_ConfigurationItemBaseClass" PROPAGATED="true" REFERENCECLASS="SMS_SDMPackageLocalizedData">
    <QUALIFIER NAME="CIMTYPE" PROPAGATED="true" TYPE="string" TOINSTANCE="true">
      <VALUE>object:SMS_SDMPackageLocalizedData</VALUE>
    </QUALIFIER>
  </PROPERTY.OBJECTARRAY>
  <PROPERTY NAME="SDMPackageVersion" CLASSORIGIN="SMS_ConfigurationItemBaseClass" TYPE="uint32">
    <QUALIFIER NAME="CIMTYPE" PROPAGATED="true" TYPE="string" TOINSTANCE="true">
      <VALUE>uint32</VALUE>
    </QUALIFIER>
    <VALUE>5</VALUE>
  </PROPERTY>
  <PROPERTY NAME="SDMPackageXML" CLASSORIGIN="SMS_ConfigurationItemBaseClass" TYPE="string">
    <QUALIFIER NAME="CIMTYPE" PROPAGATED="true" TYPE="string" TOINSTANCE="true">
      <VALUE>string</VALUE>
    </QUALIFIER>
    <VALUE><![CDATA[<?xml version="1.0" encoding="utf-16"?><AppMgmtDigest xmlns="http://schemas.microsoft.com/SystemCenterConfigurationManager/2009/AppMgmtDigest" xmlns:xsi="http://www.w3.org/2001/XMLSchema-instance"><Application AuthoringScopeId="ScopeId_6AD5E4BF-8C0C-4106-A43C-F604267D7FCD" LogicalName="Application_cd960005-4c96-46d1-a687-4de89416aa86" Version="5"><DisplayInfo DefaultLanguage="en-US"><Info Language="en-US"><Title>Windows Assessment and Deployment Kit - version 2004</Title><Publisher>Microsoft</Publisher><Version>10.1.19041.1</Version></Info></DisplayInfo><DeploymentTypes><DeploymentType AuthoringScopeId="ScopeId_6AD5E4BF-8C0C-4106-A43C-F604267D7FCD" LogicalName="DeploymentType_c49c8358-ab95-4e50-b50d-cd49fb360c63" Version="3"/></DeploymentTypes><Title ResourceId="Res_310060086">Windows Assessment and Deployment Kit - version 2004</Title><Publisher ResourceId="Res_776257697">Microsoft</Publisher><SoftwareVersion ResourceId="Res_1719746703">10.1.19041.1</SoftwareVersion><AutoInstall>true</AutoInstall><Owners><User Qualifier="LogonName" Id="Administrator"/></Owners><Contacts><User Qualifier="LogonName" Id="Administrator"/></Contacts></Application><DeploymentType AuthoringScopeId="ScopeId_6AD5E4BF-8C0C-4106-A43C-F604267D7FCD" LogicalName="DeploymentType_c49c8358-ab95-4e50-b50d-cd49fb360c63" Version="3"><Title ResourceId="Res_1041958305">Windows ADK</Title><Description ResourceId="Res_1590928548"/><DeploymentTechnology>GLOBAL/MSIDeploymentTechnology</DeploymentTechnology><Technology>MSI</Technology><Hosting>Native</Hosting><Installer Technology="MSI"><ExecutionContext>System</ExecutionContext><Contents><Content ContentId="Content_a787f58e-39a0-4995-ac29-c86f2351716c" Version="1"><File Name="adksetup.exe" Size="1934336"/><File Name="Installers\01edf4d7f252a4b769447470b9829c01.cab" Size="375906"/><File Name="Installers\036c618de505eeb40cca35afad6264f5.cab" Size="1549704"/><File Name="Installers\057fdee7f8823d1d8920ad2a76dd4613.cab" Size="14437"/><File Name="Installers\0708be5ffbe332f6a1571c929c1322a5.cab" Size="50947"/><File Name="Installers\09e9c7107ede618bb6c93423f313130d.cab" Size="14200"/><File Name="Installers\0a3a39d2f8a258e1dea4e76da0ec31b8.cab" Size="490917"/><File Name="Installers\0ac79ec1eacb2b6c75e7e930ee2c519f.cab" Size="15859"/><File Name="Installers\0c48c56ca00155f992c30167beb8f23d.cab" Size="540074"/><File Name="Installers\0ce2876e9da7f82aac8755701aecfa64.cab" Size="1535789"/><File Name="Installers\0d981f062236baed075df3f42b1747db.cab" Size="8680154"/><File Name="Installers\0e9cc2f81c324a23b9097fe77c48ba7d.cab" Size="560810"/><File Name="Installers\10892e7d30d8df29192b7063f0867a97.cab" Size="15125432"/><File Name="Installers\11bdc4a4637c4d7ab86107fd13dcb9c6.cab" Size="14830"/><File Name="Installers\125b1c8c81e36ec9dbe5abf370ff9919.cab" Size="17262"/><File Name="Installers\138162d1f2774ceee5b9e192c96a3814.cab" Size="14782"/><File Name="Installers\1439dbcbd472f531c37a149237b300fc.cab" Size="16938"/><File Name="Installers\14f4df8a2a7fc82a4f415cf6a341415d.cab" Size="24079561"/><File Name="Installers\186c4aa0cae637da0996e87ababf5b71.cab" Size="8841901"/><File Name="Installers\194f8ff6609315c815042887c06aa3f8.cab" Size="14957"/><File Name="Installers\1bd4f044e271b42b110fe533720c10e9.cab" Size="14408"/><File Name="Installers\1ca74677209b9dcc92ebe5bbc0f3917b.cab" Size="43626"/><File Name="Installers\1f90b0f7321fab8dcdedaba3b30415f3.cab" Size="39970"/><File Name="Installers\205139c72082841bb52dfe6e300d4396.cab" Size="130631"/><File Name="Installers\23ca402f61cda3f672b3081da79dab63.cab" Size="2674634"/><File Name="Installers\24b9e5f1f97c2f05aa95ee1f671fd3cc.cab" Size="2882723"/><File Name="Installers\2517aec0259281507bfb693d7d136f30.cab" Size="53728"/><File Name="Installers\25680084b1f4fc98d88475554cf93f08.cab" Size="2373908"/><File Name="Installers\25e789fdd73b4e3120cd4a7ca2fc9292.cab" Size="17222"/><File Name="Installers\268b1a41f6bd2906449944b964bf7393.cab" Size="249856"/><File Name="Installers\27c0562eb1efb3ad282cf987ae40e873.cab" Size="1938034"/><File Name="Installers\2be308a6ad881626820550006ac7e3f6.cab" Size="808979"/><File Name="Installers\2d129ca39eee60f56d59a7fcbac70540.cab" Size="14464"/><File Name="Installers\2e134b026e871c5e8e547b6711578fb3.cab" Size="6282733"/><File Name="Installers\2e82f679c8709f838e7c839f7864ac84.cab" Size="26933524"/><File Name="Installers\2e841ee6ad808e471f2e298e2679e6fe.cab" Size="808458"/><File Name="Installers\3048e0938ba336678a30618abb5ac970.cab" Size="33515"/><File Name="Installers\33e8428d37f411557fa877aeac07b54a.cab" Size="19000"/><File Name="Installers\3585b51691616d290315769bec85eb6f.cab" Size="20018"/><File Name="Installers\36084f1b92cbfdad07d1fde61975509d.cab" Size="15736064"/><File Name="Installers\3611bd81544efa3deb061718f15aee0c.cab" Size="28309"/><File Name="Installers\3615ccac603c2581ac34f5cf1fbb74e4.cab" Size="298063"/><File Name="Installers\36e3c2de16bbebad20daec133c22acb1.cab" Size="18772"/><File Name="Installers\3814eaa1d4e897c02ac4ca93e7e7796a.cab" Size="2206308"/><File Name="Installers\388dee738d7d1c99d6fe776a85ee32f8.cab" Size="34552"/><File Name="Installers\38d93b8047d5efb04cf01ab7ec66d090.cab" Size="40798"/><File Name="Installers\3b71855dfae6a44ab353293c119908b8.cab" Size="1654563"/><File Name="Installers\3e602662e913edefa58e52e04e900bf8.cab" Size="8545772"/><File Name="Installers\3eaef6a740a72a55f4a0ac3039d05419.cab" Size="53382"/><File Name="Installers\413a073d16688e177d7536cd2a64eb43.cab" Size="626532"/><File Name="Installers\436a430b58eb0fa6110e8dfb8f07ef56.cab" Size="17090360"/><File Name="Installers\44b84b5b8da74088361296fd441e3bd4.cab" Size="64964"/><File Name="Installers\450f8c76ee138b1d53befd91b735652b.cab" Size="25235"/><File Name="Installers\45c632fb53b95fe3bd58a6242325afa6.cab" Size="1815923"/><File Name="Installers\473eb000fd92e570d009b4028ae116eb.cab" Size="14204"/><File Name="Installers\479a99aca2c1b0febb7b827e88ee4785.cab" Size="36257"/><File Name="Installers\47a5de534a472f7c2b34129a4f237bae.cab" Size="21791"/><File Name="Installers\4cf60441c7095e39c7a211cc291e7853.cab" Size="16097"/><File Name="Installers\4d2878f43060bacefdd6379f2dae89b0.cab" Size="7827143"/><File Name="Installers\4defb086385752d8cd0d1432900fb4ca.cab" Size="41516"/><File Name="Installers\4e56c6c11e546d4265da4e9ff7686b67.cab" Size="69931"/><File Name="Installers\500ae334fea5d8d9c93a16515d993cd5.cab" Size="19503"/><File Name="Installers\500e0afd7cc09e1e1d6daca01bc67430.cab" Size="18759"/><File Name="Installers\526113b3700d558cc0dd65fb3690ab33.cab" Size="20751"/><File Name="Installers\527b957c06e68ebb115b41004f8e3ad0.cab" Size="4328257"/><File Name="Installers\5294062b05a5b02e187a61e5979dfcc7.cab" Size="401305"/><File Name="Installers\52be7e8e9164388a9e6c24d01f6f1625.cab" Size="1200777"/><File Name="Installers\537aa8c9ffa2f37021f73710d0c08297.cab" Size="11712035"/><File Name="Installers\5697e2c360736d39a808522581166a77.cab" Size="123706"/><File Name="Installers\56dd07dea070851064af5d29cadfac56.cab" Size="295361"/><File Name="Installers\56e5d88e2c299be31ce4fc4a604cede4.cab" Size="4047446"/><File Name="Installers\57007192b3b38fcd019eb88b021e21cc.cab" Size="2466313"/><File Name="Installers\59e5aea2956438ad68229bfbd322b3de.cab" Size="10506883"/><File Name="Installers\5ac1863798809c64e85c2535a27a3da6.cab" Size="6626771"/><File Name="Installers\5c021c21180094f073528925393bb7f8.cab" Size="808887"/><File Name="Installers\5d984200acbde182fd99cbfbe9bad133.cab" Size="1246310"/><File Name="Installers\5ddf3246dec9de5d773fd3923cdf0a96.cab" Size="59122"/><File Name="Installers\5eea85046f0c2112e2fcd0bac2c2cfc8.cab" Size="1709624"/><File Name="Installers\5f502819c0b356ae6ffca93bd200f10d.cab" Size="9886767"/><File Name="Installers\625aa8d1c0d2b6e8cf41c50b53868ecd.cab" Size="1772509"/><File Name="Installers\62d5cdeca4a33f724898b7fd1c7e828d.cab" Size="130700"/><File Name="Installers\630e2d20d5f2abcc3403b1d7783db037.cab" Size="330442"/><File Name="Installers\6361319e47039c0d5fc9b61c444f75d1.cab" Size="30617"/><File Name="Installers\662ea66cc7061f8b841891eae8e3a67c.cab" Size="154555"/><File Name="Installers\666a5567d0bf1d6d15ae370af11fa53c.cab" Size="60633"/><File Name="Installers\68664e4371f0efe43903b61e003a1ca1.cab" Size="155558"/><File Name="Installers\68f184e89129d21f7c7499cd7be36a84.cab" Size="3045546"/><File Name="Installers\68fbc6b9592338ad24ecbab6ee8afbc9.cab" Size="14431"/><File Name="Installers\6987a70e990dd5533eead917363935f6.cab" Size="1752204"/><File Name="Installers\69f8595b00cf4081c2ecc89420610cbd.cab" Size="293234"/><File Name="Installers\6a68bedadf2564eeef76c19379aae5ef.cab" Size="14205"/><File Name="Installers\6a9dbde126c4c3c7987fc9746fd1271e.cab" Size="16558"/><File Name="Installers\6bdcd388323175da70d836a25654aa92.cab" Size="28359"/><File Name="Installers\6cc7aebd21947dbd8ea4884662780188.cab" Size="27835927"/><File Name="Installers\6d2cfb2c5343c33c8d9e54e7d1f613f9.cab" Size="1041362"/><File Name="Installers\6da2af86cb1227e66cf9bc85f2786782.cab" Size="519350"/><File Name="Installers\6dc62760f8235e462db8f91f6eaa1d90.cab" Size="12084255"/><File Name="Installers\6e142759ce3a6e36e52e089caffaffe1.cab" Size="580100"/><File Name="Installers\7011bf2f8f7f2df2fdd2ed7c82053d7f.cab" Size="2086134"/><File Name="Installers\70238934e63384979d80e44779baff30.cab" Size="14676"/><File Name="Installers\71aa6702f5f8f0dc171b3f618b774f24.cab" Size="14295"/><File Name="Installers\732eefaf52275b7a708311a31c82c814.cab" Size="1673540"/><File Name="Installers\7608a6c73562800dd82c513d6d2dcd94.cab" Size="2318119"/><File Name="Installers\767acf9ebc7b9e4a87d264eb57bd7ea7.cab" Size="156181"/><File Name="Installers\77adc85e5c49bbd36a91bb751dc55b39.cab" Size="1700865"/><File Name="Installers\781e7c95c1b6b277057c9b53b7b5a044.cab" Size="37492"/><File Name="Installers\791b388183dc99f779aa6adadab92e9a.cab" Size="1187618"/><File Name="Installers\7a8eaeba46cc44d02a9a46fcbb641a12.cab" Size="1863630"/><File Name="Installers\7c11b295fb7f25c6d684b1957e96a226.cab" Size="1154943"/><File Name="Installers\7f108a939c14abeafaf4944671ec653e.cab" Size="14323"/><File Name="Installers\80fe194f291624482820b412e9cc78ad.cab" Size="8148800"/><File Name="Installers\83bd1072721871ea0bdc4fab780d9382.cab" Size="755651"/><File Name="Installers\84cf100ee76440117226cfb9af196ba3.cab" Size="65259"/><File Name="Installers\8624feeaa6661d6216b5f27da0e30f65.cab" Size="54511"/><File Name="Installers\870d7f92116bc55f7f72e7a9f5d5d6e1.cab" Size="17513"/><File Name="Installers\8774e9e67bb2b9439999d036462e313b.cab" Size="808501"/><File Name="Installers\882ed373fa700cc85d5dafe78832698e.cab" Size="70590"/><File Name="Installers\886bc4b159ab474599ddf295528247b9.cab" Size="130325"/><File Name="Installers\8b4d9d3700a26edb24a9e9334ec996fd.cab" Size="18343"/><File Name="Installers\8c29502e883d01267f9467b246aed484.cab" Size="61496"/><File Name="Installers\8c9919a5e8638dd2b352b0a218939370.cab" Size="7213727"/><File Name="Installers\8d25d56b34194978403f6bba33f419c5.cab" Size="989512"/><File Name="Installers\8d9784f003a72e4680f33c347cff75d9.cab" Size="154436"/><File Name="Installers\8fc3052a6d4c133053ee527cc9285362.cab" Size="2586456"/><File Name="Installers\9050f238beb90c3f2db4a387654fec4b.cab" Size="14183"/><File Name="Installers\915b9b8c059d8741e901a89f5e1ddc2c.cab" Size="19019"/><File Name="Installers\91cbace0d1779de011c85509644dd1f8.cab" Size="164479"/><File Name="Installers\941dd5f1c32c7cec49703f0dfde8eba5.cab" Size="123956"/><File Name="Installers\94cae441bc5628e21814208a973bbb9d.cab" Size="16348"/><File Name="Installers\9624f0afdfeacc987eed9cecc24d0a9a.cab" Size="14323"/><File Name="Installers\97b6e3671e2e5d03ea25df25a8056e70.cab" Size="39080"/><File Name="Installers\99b9a8e39b64be83db201f5bb8f19fcc.cab" Size="14695"/><File Name="Installers\9adccd836bc489e252549a89a4fa8cc3.cab" Size="153328"/><File Name="Installers\9cd2e822d6bd27a39739e80ce7c97a27.cab" Size="14551"/><File Name="Installers\9d2b092478d6cca70d5ac957368c00ba.cab" Size="1265786"/><File Name="Installers\9f0be655144a0c68c7f087465e1ad4f9.cab" Size="14946"/><File Name="Installers\9f8944e2cc69646284cd07010e7eee99.cab" Size="402815"/><File Name="Installers\a011a13d3157dae2dbdaa7090daa6acb.cab" Size="17368"/><File Name="Installers\a03686381bcfa98a14e9c579f7784def.cab" Size="45247"/><File Name="Installers\a1d26d38d4197f7873a8da3a26fc351c.cab" Size="9608164"/><File Name="Installers\a22d6a2483a921a887070cd800030e47.cab" Size="1350018"/><File Name="Installers\a29a0c716f903f42aca181dca250f681.cab" Size="19016"/><File Name="Installers\a30d7a714f70ca6aa1a76302010d7914.cab" Size="4136049"/><File Name="Installers\a565f18707816c0d052281154b768ac0.cab" Size="3709345"/><File Name="Installers\a7eb3390a15bcd2c80a978c75f2dcc4f.cab" Size="1998307"/><File Name="Installers\a85f350b213e0f1ae5792e74f3b36ca0.cab" Size="57230"/><File Name="Installers\aa4db181ead2227e76a3d291da71a672.cab" Size="1843992"/><File Name="Installers\abbeaf25720d61b6b6339ada72bdd038.cab" Size="297846"/><File Name="Installers\ad9e485d54f4d6b44fc21f9208947341.cab" Size="14546"/><File Name="Installers\Application Compatibility Toolkit-x64_en-us.msi" Size="393216"/><File Name="Installers\Application Compatibility Toolkit-x86_en-us.msi" Size="393216"/><File Name="Installers\Appman Auto Sequencer-x86_en-us.msi" Size="393216"/><File Name="Installers\Appman Sequencer on amd64-x64_en-us.msi" Size="417792"/><File Name="Installers\Appman Sequencer on x86-x86_en-us.msi" Size="417792"/><File Name="Installers\Assessments on Client-x86_en-us.msi" Size="1228800"/><File Name="Installers\b0189bdfbad208b3ac765f88f21a89df.cab" Size="1163430"/><File Name="Installers\b205ceed2c8411c13fe9e2e853bd37fc.cab" Size="15193"/><File Name="Installers\b23352a27f081898f997944c1a0f44de.cab" Size="140732"/><File Name="Installers\b3892d561b571a5b8c81d33fbe2d6d24.cab" Size="106302198"/><File Name="Installers\b38cadba7626a82b25c9defa9877a3be.cab" Size="689415"/><File Name="Installers\b4687bc42d465256ad1a68aec6886f83.cab" Size="3904331"/><File Name="Installers\b5227bb68c3d4641d71b769e3ac606a1.cab" Size="2193863"/><File Name="Installers\b6758178d78e2a03e1d692660ec642bd.cab" Size="19151"/><File Name="Installers\b72834f8f22e89676f88009479e1d2de.cab" Size="27392"/><File Name="Installers\b80e088c414c41ff73ed611b3c18874f.cab" Size="20988"/><File Name="Installers\bbf55224a0290f00676ddc410f004498.cab" Size="1372510"/><File Name="Installers\bd00e61b3056a8aa44b48303f6fa1e62.cab" Size="1632217"/><File Name="Installers\be7ebc1ac434ead4ab1cf36e3921b70e.cab" Size="10829509"/><File Name="Installers\bf20c035f3d1577ab64bdacea9eb011c.cab" Size="2542185"/><File Name="Installers\c300c91a497ea70c80a6d0efc9454c35.cab" Size="317586"/><File Name="Installers\c6babfeb2e1e6f814e70cacb52a0f923.cab" Size="3208738"/><File Name="Installers\c7d6e564ab2de1a5e09434725946ea67.cab" Size="15396"/><File Name="Installers\c8a93bbadb2672b45a977d95723a6756.cab" Size="14904"/><File Name="Installers\c98a0a5b63e591b7568b5f66d64dc335.cab" Size="182690"/><File Name="Installers\c98f90e94c988845dcc6c939ab54cf24.cab" Size="6210716"/><File Name="Installers\cb43cb685388b3f1f60b2301633c1fa6.cab" Size="37898"/><File Name="Installers\cd23bfdfd9e3dfa8475bf59c2c5d6901.cab" Size="2432358"/><File Name="Installers\cfb8342932e6752026b63046a8d93845.cab" Size="1443237"/><File Name="Installers\d2611745022d67cf9a7703eb131ca487.cab" Size="1074067"/><File Name="Installers\d344672ad340db2b98b706ff06350843.cab" Size="172906"/><File Name="Installers\d519967dbb262c80060d9efb5079aa23.cab" Size="2001122"/><File Name="Installers\d562ae79e25b943d03fc6aa7a65f9b81.cab" Size="25683"/><File Name="Installers\d63b8dffc336f21acdc0f97850bb5963.cab" Size="2828992"/><File Name="Installers\d7268c5f6d37bf0eab1c45f544b26f38.cab" Size="14418"/><File Name="Installers\da7796173f0134f5163ad34eefcbe0d8.cab" Size="14539"/><File Name="Installers\dca5019b41c59cd2f3138b9c5f0a9e90.cab" Size="558804329"/><File Name="Installers\df291961d41139beb23e8dcf2311f28c.cab" Size="933464"/><File Name="Installers\dotNetFx45_Full_x86_x64.exe" Size="50352408"/><File Name="Installers\e0509d502dcdae109023403fc3bc8ac4.cab" Size="14685"/><File Name="Installers\e124519c7fe19f33b0b2a14eb00611f7.cab" Size="14533"/><File Name="Installers\e5f4f4dc519b35948be4500a7dfeab14.cab" Size="15087"/><File Name="Installers\e6349cc7301cf9d9a6a3a673b6b7c10f.cab" Size="10768898"/><File Name="Installers\e7f61a72b469092c67b45ae4c5e59c38.cab" Size="23566"/><File Name="Installers\ea9c0c38594fd7df374ddfc620f4a1fd.cab" Size="19479"/><File Name="Installers\eacac0698d5fa03569c86b25f90113b5.cab" Size="913513"/><File Name="Installers\eb90890d25e1dee03cf79844d9f823f4.cab" Size="2308376"/><File Name="Installers\ec093852a41cbd9d167b714e4f4a2648.cab" Size="17447"/><File Name="Installers\ed711e0a0102f1716cc073671804eb4c.cab" Size="2047871"/><File Name="Installers\ee415288dc17f6f29b3dda43d57e4281.cab" Size="30047"/><File Name="Installers\f051f100a86ad4c94057a1d5280d9283.cab" Size="1901488"/><File Name="Installers\f2a850bce4500b85f37a8aaa71cbb674.cab" Size="14423"/><File Name="Installers\f480ed0b7d2f1676b4c1d5fc82dd7420.cab" Size="61117"/><File Name="Installers\f4e72c453e36ce0795c8c9fcaae2b190.cab" Size="72116"/><File Name="Installers\f6aa96e71953e06cb7a3f69e76804b6d.cab" Size="51261"/><File Name="Installers\f7699e5a82dcf6476e5ed2d8a3507ace.cab" Size="684957"/><File Name="Installers\f8f7800500b180b8a2103c40ce94f56a.cab" Size="50161"/><File Name="Installers\fa7c072a4c8f9cf0f901146213ebbce7.cab" Size="3483045"/><File Name="Installers\fbcf182748fd71a49becc8bb8d87ba92.cab" Size="2112615"/><File Name="Installers\fcc051e0d61320c78cac9fe4ad56a2a2.cab" Size="61774"/><File Name="Installers\fd5778f772c39c09c3dd8cd99e7f0543.cab" Size="14684"/><File Name="Installers\fdfb8cfc2e4d170431fb6b8c67210672.cab" Size="144683"/><File Name="Installers\fe43ba83b8d1e88cc4f4bfeac0850c6c.cab" Size="1583977"/><File Name="Installers\feadf48e9bf92b4650615d9195774178.cab" Size="2669644"/><File Name="Installers\Imaging And Configuration Designer-x86_en-us.msi" Size="405504"/><File Name="Installers\Imaging Designer-x86_en-us.msi" Size="438272"/><File Name="Installers\Imaging Tools Support-x86_en-us.msi" Size="15626240"/><File Name="Installers\InstallRegHiveRecoveryDriverAmd64.exe" Size="35272"/><File Name="Installers\InstallRegHiveRecoveryDriverX86.exe" Size="32408"/><File Name="Installers\Kits Configuration Installer-x86_en-us.msi" Size="380928"/><File Name="Installers\MXAx64-x86_en-us.msi" Size="14647296"/><File Name="Installers\MXAx86-x86_en-us.msi" Size="12349440"/><File Name="Installers\OEM Test Certificates-x86_en-us.msi" Size="479232"/><File Name="Installers\Toolkit Documentation-x86_en-us.msi" Size="393216"/><File Name="Installers\UEV Tools on amd64-x64_en-us.msi" Size="397312"/><File Name="Installers\UEV Tools on x86-x86_en-us.msi" Size="397312"/><File Name="Installers\User State Migration Tool-x86_en-us.msi" Size="1105920"/><File Name="Installers\Volume Activation Management Tool-x86_en-us.msi" Size="401408"/><File Name="Installers\WimMountAdkSetupAmd64.exe" Size="32200"/><File Name="Installers\WimMountAdkSetupArm.exe" Size="45728"/><File Name="Installers\WimMountAdkSetupArm64.exe" Size="32416"/><File Name="Installers\WimMountAdkSetupX86.exe" Size="27288"/><File Name="Installers\Windows Assessment Toolkit (AMD64 Architecture Specific)-x86_en-us.msi" Size="385024"/><File Name="Installers\Windows Assessment Toolkit (X86 Architecture Specific)-x86_en-us.msi" Size="385024"/><File Name="Installers\Windows Assessment Toolkit-x86_en-us.msi" Size="532480"/><File Name="Installers\Windows Deployment Customizations-x86_en-us.msi" Size="385024"/><File Name="Installers\Windows Deployment Tools-x86_en-us.msi" Size="569344"/><File Name="Installers\Windows IP Over USB-x86_en-us.msi" Size="581632"/><File Name="Installers\Windows System Image Manager on amd64-x86_en-us.msi" Size="2445312"/><File Name="Installers\Windows System Image Manager on x86-x86_en-us.msi" Size="2441216"/><File Name="Installers\WPT Redistributables-x86_en-us.msi" Size="385024"/><File Name="Installers\WPTarm-arm_en-us.msi" Size="13185024"/><File Name="Installers\WPTarm64-arm_en-us.msi" Size="13770752"/><File Name="Installers\WPTx64-x86_en-us.msi" Size="19177472"/><File Name="Installers\WPTx86-x86_en-us.msi" Size="17682432"/><Location>\\CM01\Applications\Microsoft\ADK\ADK 2004\Windows 10 Assessment and Deployment Kit\</Location><PeerCache>true</PeerCache><OnFastNetwork>Download</OnFastNetwork><OnSlowNetwork>DoNothing</OnSlowNetwork></Content></Contents><DetectAction><Provider>Local</Provider><Args><Arg Name="ExecutionContext" Type="String">System</Arg><Arg Name="MethodBody" Type="String">&lt;?xml version="1.0" encoding="utf-16"?&gt;
&lt;EnhancedDetectionMethod xmlns="http://schemas.microsoft.com/SystemCenterConfigurationManager/2009/AppMgmtDigest"&gt;
  &lt;Settings xmlns="http://schemas.microsoft.com/SystemCenterConfigurationManager/2009/AppMgmtDigest"&gt;
    &lt;SimpleSetting LogicalName="RegSetting_8f1fc337-3d7c-4156-91b5-4044e3c2b706" DataType="String" xmlns="http://schemas.microsoft.com/SystemsCenterConfigurationManager/2009/07/10/DesiredConfiguration"&gt;
      &lt;Annotation xmlns="http://schemas.microsoft.com/SystemsCenterConfigurationManager/2009/06/14/Rules"&gt;
        &lt;DisplayName Text="" /&gt;
        &lt;Description Text="" /&gt;
      &lt;/Annotation&gt;
      &lt;RegistryDiscoverySource Hive="HKEY_LOCAL_MACHINE" Depth="Base" Is64Bit="true" CreateMissingPath="true"&gt;
        &lt;Key&gt;SOFTWARE\WOW6432Node\Microsoft\Windows\CurrentVersion\Uninstall\{9346016b-6620-4841-8ea4-ad91d3ea02b5}&lt;/Key&gt;
        &lt;ValueName&gt;DisplayVersion&lt;/ValueName&gt;
      &lt;/RegistryDiscoverySource&gt;
    &lt;/SimpleSetting&gt;
  &lt;/Settings&gt;
  &lt;Rule id="ScopeId_6AD5E4BF-8C0C-4106-A43C-F604267D7FCD/DeploymentType_c49c8358-ab95-4e50-b50d-cd49fb360c63" Severity="Informational" NonCompliantWhenSettingIsNotFound="false" xmlns="http://schemas.microsoft.com/SystemsCenterConfigurationManager/2009/06/14/Rules"&gt;
    &lt;Annotation&gt;
      &lt;DisplayName Text="" /&gt;
      &lt;Description Text="" /&gt;
    &lt;/Annotation&gt;
    &lt;Expression&gt;
      &lt;Operator&gt;Equals&lt;/Operator&gt;
      &lt;Operands&gt;
        &lt;SettingReference AuthoringScopeId="ScopeId_6AD5E4BF-8C0C-4106-A43C-F604267D7FCD" LogicalName="Application_cd960005-4c96-46d1-a687-4de89416aa86" Version="1" DataType="String" SettingLogicalName="RegSetting_8f1fc337-3d7c-4156-91b5-4044e3c2b706" SettingSourceType="Registry" Method="Value" Changeable="false" /&gt;
        &lt;ConstantValue Value="10.1.19041.1" DataType="String" /&gt;
      &lt;/Operands&gt;
    &lt;/Expression&gt;
  &lt;/Rule&gt;
&lt;/EnhancedDetectionMethod&gt;</Arg></Args></DetectAction><InstallAction><Provider>MSI</Provider><Args><Arg Name="InstallCommandLine" Type="String">adksetup.exe /Features OptionId.DeploymentTools OptionId.UserStateMigrationTool /norestart /quiet /ceip off</Arg><Arg Name="WorkingDirectory" Type="String"/><Arg Name="ExecutionContext" Type="String">System</Arg><Arg Name="RequiresLogOn" Type="String"/><Arg Name="RequiresElevatedRights" Type="Boolean">false</Arg><Arg Name="RequiresUserInteraction" Type="Boolean">false</Arg><Arg Name="RequiresReboot" Type="Boolean">false</Arg><Arg Name="UserInteractionMode" Type="String">Hidden</Arg><Arg Name="PostInstallBehavior" Type="String">BasedOnExitCode</Arg><Arg Name="ExecuteTime" Type="Int32">0</Arg><Arg Name="MaxExecuteTime" Type="Int32">120</Arg><Arg Name="RunAs32Bit" Type="Boolean">false</Arg><Arg Name="SuccessExitCodes" Type="Int32[]"><Item>0</Item><Item>1707</Item></Arg><Arg Name="RebootExitCodes" Type="Int32[]"><Item>3010</Item></Arg><Arg Name="HardRebootExitCodes" Type="Int32[]"><Item>1641</Item></Arg><Arg Name="FastRetryExitCodes" Type="Int32[]"><Item>1618</Item></Arg></Args><Contents><Content ContentId="Content_a787f58e-39a0-4995-ac29-c86f2351716c" Version="1"/></Contents></InstallAction><UninstallAction><Provider>MSI</Provider><Args><Arg Name="InstallCommandLine" Type="String">"C:\ProgramData\Package Cache\{9346016b-6620-4841-8ea4-ad91d3ea02b5}\adksetup.exe" /uninstall /quiet</Arg><Arg Name="WorkingDirectory" Type="String"/><Arg Name="ExecutionContext" Type="String">System</Arg><Arg Name="RequiresLogOn" Type="String"/><Arg Name="RequiresElevatedRights" Type="Boolean">false</Arg><Arg Name="RequiresUserInteraction" Type="Boolean">false</Arg><Arg Name="RequiresReboot" Type="Boolean">false</Arg><Arg Name="UserInteractionMode" Type="String">Hidden</Arg><Arg Name="PostInstallBehavior" Type="String">BasedOnExitCode</Arg><Arg Name="ExecuteTime" Type="Int32">0</Arg><Arg Name="MaxExecuteTime" Type="Int32">120</Arg><Arg Name="RunAs32Bit" Type="Boolean">false</Arg><Arg Name="SuccessExitCodes" Type="Int32[]"><Item>0</Item><Item>1707</Item></Arg><Arg Name="RebootExitCodes" Type="Int32[]"><Item>3010</Item></Arg><Arg Name="HardRebootExitCodes" Type="Int32[]"><Item>1641</Item></Arg><Arg Name="FastRetryExitCodes" Type="Int32[]"><Item>1618</Item></Arg></Args><Contents><Content ContentId="Content_a787f58e-39a0-4995-ac29-c86f2351716c" Version="1"/></Contents></UninstallAction><CustomData><DetectionMethod>Enhanced</DetectionMethod><EnhancedDetectionMethod><Settings xmlns="http://schemas.microsoft.com/SystemCenterConfigurationManager/2009/AppMgmtDigest"><SimpleSetting xmlns="http://schemas.microsoft.com/SystemsCenterConfigurationManager/2009/07/10/DesiredConfiguration" LogicalName="RegSetting_8f1fc337-3d7c-4156-91b5-4044e3c2b706" DataType="String"><Annotation xmlns="http://schemas.microsoft.com/SystemsCenterConfigurationManager/2009/06/14/Rules"><DisplayName Text=""/><Description Text=""/></Annotation><RegistryDiscoverySource Hive="HKEY_LOCAL_MACHINE" Depth="Base" Is64Bit="true" CreateMissingPath="true"><Key>SOFTWARE\WOW6432Node\Microsoft\Windows\CurrentVersion\Uninstall\{9346016b-6620-4841-8ea4-ad91d3ea02b5}</Key><ValueName>DisplayVersion</ValueName></RegistryDiscoverySource></SimpleSetting></Settings><Rule xmlns="http://schemas.microsoft.com/SystemsCenterConfigurationManager/2009/06/14/Rules" id="ScopeId_6AD5E4BF-8C0C-4106-A43C-F604267D7FCD/DeploymentType_c49c8358-ab95-4e50-b50d-cd49fb360c63" Severity="Informational" NonCompliantWhenSettingIsNotFound="false"><Annotation><DisplayName Text=""/><Description Text=""/></Annotation><Expression><Operator>Equals</Operator><Operands><SettingReference AuthoringScopeId="ScopeId_6AD5E4BF-8C0C-4106-A43C-F604267D7FCD" LogicalName="Application_cd960005-4c96-46d1-a687-4de89416aa86" Version="1" DataType="String" SettingLogicalName="RegSetting_8f1fc337-3d7c-4156-91b5-4044e3c2b706" SettingSourceType="Registry" Method="Value" Changeable="false"/><ConstantValue Value="10.1.19041.1" DataType="String"/></Operands></Expression></Rule></EnhancedDetectionMethod><InstallCommandLine>adksetup.exe /Features OptionId.DeploymentTools OptionId.UserStateMigrationTool /norestart /quiet /ceip off</InstallCommandLine><InstallContent ContentId="Content_a787f58e-39a0-4995-ac29-c86f2351716c" Version="1"/><UninstallContent ContentId="Content_a787f58e-39a0-4995-ac29-c86f2351716c" Version="1"/><UninstallSetting>SameAsInstall</UninstallSetting><InstallFolder/><UninstallCommandLine>"C:\ProgramData\Package Cache\{9346016b-6620-4841-8ea4-ad91d3ea02b5}\adksetup.exe" /uninstall /quiet</UninstallCommandLine><UninstallFolder/><RepairCommandLine/><RepairFolder/><ExitCodes><ExitCode Code="0" Class="Success"/><ExitCode Code="1707" Class="Success"/><ExitCode Code="3010" Class="SoftReboot"/><ExitCode Code="1641" Class="HardReboot"/><ExitCode Code="1618" Class="FastRetry"/></ExitCodes><UserInteractionMode>Hidden</UserInteractionMode><AllowUninstall>true</AllowUninstall></CustomData></Installer></DeploymentType></AppMgmtDigest>]]></VALUE>
  </PROPERTY>
  <PROPERTY.ARRAY NAME="SecuredScopeNames" CLASSORIGIN="SMS_ConfigurationItemBaseClass" TYPE="string">
    <QUALIFIER NAME="CIMTYPE" PROPAGATED="true" TYPE="string" TOINSTANCE="true">
      <VALUE>string</VALUE>
    </QUALIFIER>
    <VALUE.ARRAY>
      <VALUE>Default</VALUE>
    </VALUE.ARRAY>
  </PROPERTY.ARRAY>
  <PROPERTY NAME="SedoObjectVersion" CLASSORIGIN="SMS_ConfigurationItemBaseClass" TYPE="string">
    <QUALIFIER NAME="CIMTYPE" PROPAGATED="true" TYPE="string" TOINSTANCE="true">
      <VALUE>string</VALUE>
    </QUALIFIER>
    <VALUE>29A25FA2-946D-46C5-85BC-99D71ECD0FCD</VALUE>
  </PROPERTY>
  <PROPERTY NAME="SoftwareVersion" CLASSORIGIN="SMS_Application" TYPE="string">
    <QUALIFIER NAME="CIMTYPE" PROPAGATED="true" TYPE="string" TOINSTANCE="true">
      <VALUE>string</VALUE>
    </QUALIFIER>
    <VALUE>10.1.19041.1</VALUE>
  </PROPERTY>
  <PROPERTY NAME="SourceCIVersion" CLASSORIGIN="SMS_Application" TYPE="uint32">
    <QUALIFIER NAME="CIMTYPE" PROPAGATED="true" TYPE="string" TOINSTANCE="true">
      <VALUE>uint32</VALUE>
    </QUALIFIER>
    <VALUE>0</VALUE>
  </PROPERTY>
  <PROPERTY NAME="SourceModelName" CLASSORIGIN="SMS_Application" TYPE="string">
    <QUALIFIER NAME="CIMTYPE" PROPAGATED="true" TYPE="string" TOINSTANCE="true">
      <VALUE>string</VALUE>
    </QUALIFIER>
    <VALUE></VALUE>
  </PROPERTY>
  <PROPERTY NAME="SourceSite" CLASSORIGIN="SMS_ConfigurationItemBaseClass" TYPE="string">
    <QUALIFIER NAME="CIMTYPE" PROPAGATED="true" TYPE="string" TOINSTANCE="true">
      <VALUE>string</VALUE>
    </QUALIFIER>
    <VALUE>PS1</VALUE>
  </PROPERTY>
  <PROPERTY NAME="SummarizationTime" CLASSORIGIN="SMS_Application" TYPE="datetime">
    <QUALIFIER NAME="CIMTYPE" PROPAGATED="true" TYPE="string" TOINSTANCE="true">
      <VALUE>datetime</VALUE>
    </QUALIFIER>
    <VALUE>20200520080552.000000+000</VALUE>
  </PROPERTY>
</INSTANCE>