<INSTANCE CLASSNAME="SMS_Application">
  <QUALIFIER NAME="dynamic" PROPAGATED="true" TYPE="boolean" TOSUBCLASS="false" TOINSTANCE="true">
    <VALUE>TRUE</VALUE>
  </QUALIFIER>
  <QUALIFIER NAME="SecurityVerbs" TYPE="sint32" TOSUBCLASS="false">
    <VALUE>-1</VALUE>
  </QUALIFIER>
  <PROPERTY NAME="__PATH" CLASSORIGIN="___SYSTEM" TYPE="string">
    <VALUE>\\CM01\root\sms\site_PS1:SMS_Application.CI_ID=16780080</VALUE>
  </PROPERTY>
  <PROPERTY NAME="__NAMESPACE" CLASSORIGIN="___SYSTEM" TYPE="string">
    <VALUE>root\sms\site_PS1</VALUE>
  </PROPERTY>
  <PROPERTY NAME="__SERVER" CLASSORIGIN="___SYSTEM" TYPE="string">
    <VALUE>CM01</VALUE>
  </PROPERTY>
  <PROPERTY.ARRAY NAME="__DERIVATION" CLASSORIGIN="___SYSTEM" TYPE="string">
    <VALUE.ARRAY>
      <VALUE>SMS_ConfigurationItemBaseClass</VALUE>
      <VALUE>SMS_BaseClass</VALUE>
    </VALUE.ARRAY>
  </PROPERTY.ARRAY>
  <PROPERTY NAME="__PROPERTY_COUNT" CLASSORIGIN="___SYSTEM" TYPE="sint32">
    <VALUE>66</VALUE>
  </PROPERTY>
  <PROPERTY NAME="__RELPATH" CLASSORIGIN="___SYSTEM" TYPE="string">
    <VALUE>SMS_Application.CI_ID=16780080</VALUE>
  </PROPERTY>
  <PROPERTY NAME="__DYNASTY" CLASSORIGIN="___SYSTEM" TYPE="string">
    <VALUE>SMS_BaseClass</VALUE>
  </PROPERTY>
  <PROPERTY NAME="__SUPERCLASS" CLASSORIGIN="___SYSTEM" TYPE="string">
    <VALUE>SMS_ConfigurationItemBaseClass</VALUE>
  </PROPERTY>
  <PROPERTY NAME="__CLASS" CLASSORIGIN="___SYSTEM" TYPE="string">
    <VALUE>SMS_Application</VALUE>
  </PROPERTY>
  <PROPERTY NAME="__GENUS" CLASSORIGIN="___SYSTEM" TYPE="sint32">
    <VALUE>2</VALUE>
  </PROPERTY>
  <PROPERTY NAME="ApplicabilityCondition" CLASSORIGIN="SMS_ConfigurationItemBaseClass" TYPE="string">
    <QUALIFIER NAME="CIMTYPE" PROPAGATED="true" TYPE="string" TOINSTANCE="true">
      <VALUE>string</VALUE>
    </QUALIFIER>
    <VALUE></VALUE>
  </PROPERTY>
  <PROPERTY.ARRAY NAME="CategoryInstance_UniqueIDs" CLASSORIGIN="SMS_ConfigurationItemBaseClass" TYPE="string">
    <QUALIFIER NAME="CIMTYPE" PROPAGATED="true" TYPE="string" TOINSTANCE="true">
      <VALUE>string</VALUE>
    </QUALIFIER>
    <VALUE.ARRAY></VALUE.ARRAY>
  </PROPERTY.ARRAY>
  <PROPERTY NAME="CI_ID" CLASSORIGIN="SMS_ConfigurationItemBaseClass" TYPE="uint32">
    <QUALIFIER NAME="CIMTYPE" PROPAGATED="true" TYPE="string" TOINSTANCE="true">
      <VALUE>uint32</VALUE>
    </QUALIFIER>
    <QUALIFIER NAME="key" PROPAGATED="true" TYPE="boolean" OVERRIDABLE="false" TOINSTANCE="true">
      <VALUE>TRUE</VALUE>
    </QUALIFIER>
    <VALUE>16780080</VALUE>
  </PROPERTY>
  <PROPERTY NAME="CI_UniqueID" CLASSORIGIN="SMS_ConfigurationItemBaseClass" TYPE="string">
    <QUALIFIER NAME="CIMTYPE" PROPAGATED="true" TYPE="string" TOINSTANCE="true">
      <VALUE>string</VALUE>
    </QUALIFIER>
    <VALUE>ScopeId_6AD5E4BF-8C0C-4106-A43C-F604267D7FCD/Application_39384951-c2c2-4638-a91b-b18ea2acb175/3</VALUE>
  </PROPERTY>
  <PROPERTY NAME="CIType_ID" CLASSORIGIN="SMS_ConfigurationItemBaseClass" TYPE="uint32">
    <QUALIFIER NAME="CIMTYPE" PROPAGATED="true" TYPE="string" TOINSTANCE="true">
      <VALUE>uint32</VALUE>
    </QUALIFIER>
    <VALUE>10</VALUE>
  </PROPERTY>
  <PROPERTY NAME="CIVersion" CLASSORIGIN="SMS_ConfigurationItemBaseClass" TYPE="uint32">
    <QUALIFIER NAME="CIMTYPE" PROPAGATED="true" TYPE="string" TOINSTANCE="true">
      <VALUE>uint32</VALUE>
    </QUALIFIER>
    <VALUE>3</VALUE>
  </PROPERTY>
  <PROPERTY NAME="ConfigurationFlags" CLASSORIGIN="SMS_ConfigurationItemBaseClass" TYPE="uint64">
    <QUALIFIER NAME="CIMTYPE" PROPAGATED="true" TYPE="string" TOINSTANCE="true">
      <VALUE>uint64</VALUE>
    </QUALIFIER>
    <VALUE>0</VALUE>
  </PROPERTY>
  <PROPERTY NAME="CreatedBy" CLASSORIGIN="SMS_ConfigurationItemBaseClass" TYPE="string">
    <QUALIFIER NAME="CIMTYPE" PROPAGATED="true" TYPE="string" TOINSTANCE="true">
      <VALUE>string</VALUE>
    </QUALIFIER>
    <VALUE>VIAMONSTRA\Administrator</VALUE>
  </PROPERTY>
  <PROPERTY NAME="DateCreated" CLASSORIGIN="SMS_ConfigurationItemBaseClass" TYPE="datetime">
    <QUALIFIER NAME="CIMTYPE" PROPAGATED="true" TYPE="string" TOINSTANCE="true">
      <VALUE>datetime</VALUE>
    </QUALIFIER>
    <VALUE>20200518214907.000000+000</VALUE>
  </PROPERTY>
  <PROPERTY NAME="DateLastModified" CLASSORIGIN="SMS_ConfigurationItemBaseClass" TYPE="datetime">
    <QUALIFIER NAME="CIMTYPE" PROPAGATED="true" TYPE="string" TOINSTANCE="true">
      <VALUE>datetime</VALUE>
    </QUALIFIER>
    <VALUE>20200519034547.000000+000</VALUE>
  </PROPERTY>
  <PROPERTY NAME="EffectiveDate" CLASSORIGIN="SMS_ConfigurationItemBaseClass" TYPE="datetime">
    <QUALIFIER NAME="CIMTYPE" PROPAGATED="true" TYPE="string" TOINSTANCE="true">
      <VALUE>datetime</VALUE>
    </QUALIFIER>
  </PROPERTY>
  <PROPERTY NAME="EULAAccepted" CLASSORIGIN="SMS_ConfigurationItemBaseClass" TYPE="uint32">
    <QUALIFIER NAME="CIMTYPE" PROPAGATED="true" TYPE="string" TOINSTANCE="true">
      <VALUE>uint32</VALUE>
    </QUALIFIER>
    <VALUE>2</VALUE>
  </PROPERTY>
  <PROPERTY NAME="EULAExists" CLASSORIGIN="SMS_ConfigurationItemBaseClass" TYPE="boolean">
    <QUALIFIER NAME="CIMTYPE" PROPAGATED="true" TYPE="string" TOINSTANCE="true">
      <VALUE>boolean</VALUE>
    </QUALIFIER>
    <VALUE>FALSE</VALUE>
  </PROPERTY>
  <PROPERTY NAME="EULASignoffDate" CLASSORIGIN="SMS_ConfigurationItemBaseClass" TYPE="datetime">
    <QUALIFIER NAME="CIMTYPE" PROPAGATED="true" TYPE="string" TOINSTANCE="true">
      <VALUE>datetime</VALUE>
    </QUALIFIER>
    <VALUE>19691231170000.000000+***</VALUE>
  </PROPERTY>
  <PROPERTY NAME="EULASignoffUser" CLASSORIGIN="SMS_ConfigurationItemBaseClass" TYPE="string">
    <QUALIFIER NAME="CIMTYPE" PROPAGATED="true" TYPE="string" TOINSTANCE="true">
      <VALUE>string</VALUE>
    </QUALIFIER>
    <VALUE></VALUE>
  </PROPERTY>
  <PROPERTY NAME="ExecutionContext" CLASSORIGIN="SMS_ConfigurationItemBaseClass" TYPE="uint32">
    <QUALIFIER NAME="CIMTYPE" PROPAGATED="true" TYPE="string" TOINSTANCE="true">
      <VALUE>uint32</VALUE>
    </QUALIFIER>
    <VALUE>0</VALUE>
  </PROPERTY>
  <PROPERTY NAME="Featured" CLASSORIGIN="SMS_Application" TYPE="uint32">
    <QUALIFIER NAME="CIMTYPE" PROPAGATED="true" TYPE="string" TOINSTANCE="true">
      <VALUE>uint32</VALUE>
    </QUALIFIER>
    <VALUE>0</VALUE>
  </PROPERTY>
  <PROPERTY NAME="HasContent" CLASSORIGIN="SMS_Application" TYPE="boolean">
    <QUALIFIER NAME="CIMTYPE" PROPAGATED="true" TYPE="string" TOINSTANCE="true">
      <VALUE>boolean</VALUE>
    </QUALIFIER>
    <VALUE>TRUE</VALUE>
  </PROPERTY>
  <PROPERTY NAME="IsBundle" CLASSORIGIN="SMS_ConfigurationItemBaseClass" TYPE="boolean">
    <QUALIFIER NAME="CIMTYPE" PROPAGATED="true" TYPE="string" TOINSTANCE="true">
      <VALUE>boolean</VALUE>
    </QUALIFIER>
    <VALUE>FALSE</VALUE>
  </PROPERTY>
  <PROPERTY NAME="IsDeployable" CLASSORIGIN="SMS_Application" TYPE="boolean">
    <QUALIFIER NAME="CIMTYPE" PROPAGATED="true" TYPE="string" TOINSTANCE="true">
      <VALUE>boolean</VALUE>
    </QUALIFIER>
    <VALUE>TRUE</VALUE>
  </PROPERTY>
  <PROPERTY NAME="IsDeployed" CLASSORIGIN="SMS_Application" TYPE="boolean">
    <QUALIFIER NAME="CIMTYPE" PROPAGATED="true" TYPE="string" TOINSTANCE="true">
      <VALUE>boolean</VALUE>
    </QUALIFIER>
    <VALUE>FALSE</VALUE>
  </PROPERTY>
  <PROPERTY NAME="IsDigest" CLASSORIGIN="SMS_ConfigurationItemBaseClass" TYPE="boolean">
    <QUALIFIER NAME="CIMTYPE" PROPAGATED="true" TYPE="string" TOINSTANCE="true">
      <VALUE>boolean</VALUE>
    </QUALIFIER>
    <VALUE>TRUE</VALUE>
  </PROPERTY>
  <PROPERTY NAME="IsEnabled" CLASSORIGIN="SMS_ConfigurationItemBaseClass" TYPE="boolean">
    <QUALIFIER NAME="CIMTYPE" PROPAGATED="true" TYPE="string" TOINSTANCE="true">
      <VALUE>boolean</VALUE>
    </QUALIFIER>
    <VALUE>TRUE</VALUE>
  </PROPERTY>
  <PROPERTY NAME="IsExpired" CLASSORIGIN="SMS_ConfigurationItemBaseClass" TYPE="boolean">
    <QUALIFIER NAME="CIMTYPE" PROPAGATED="true" TYPE="string" TOINSTANCE="true">
      <VALUE>boolean</VALUE>
    </QUALIFIER>
    <VALUE>FALSE</VALUE>
  </PROPERTY>
  <PROPERTY NAME="IsHidden" CLASSORIGIN="SMS_ConfigurationItemBaseClass" TYPE="boolean">
    <QUALIFIER NAME="CIMTYPE" PROPAGATED="true" TYPE="string" TOINSTANCE="true">
      <VALUE>boolean</VALUE>
    </QUALIFIER>
    <VALUE>FALSE</VALUE>
  </PROPERTY>
  <PROPERTY NAME="IsLatest" CLASSORIGIN="SMS_ConfigurationItemBaseClass" TYPE="boolean">
    <QUALIFIER NAME="CIMTYPE" PROPAGATED="true" TYPE="string" TOINSTANCE="true">
      <VALUE>boolean</VALUE>
    </QUALIFIER>
    <VALUE>TRUE</VALUE>
  </PROPERTY>
  <PROPERTY NAME="IsQuarantined" CLASSORIGIN="SMS_ConfigurationItemBaseClass" TYPE="boolean">
    <QUALIFIER NAME="CIMTYPE" PROPAGATED="true" TYPE="string" TOINSTANCE="true">
      <VALUE>boolean</VALUE>
    </QUALIFIER>
    <VALUE>FALSE</VALUE>
  </PROPERTY>
  <PROPERTY NAME="IsSuperseded" CLASSORIGIN="SMS_ConfigurationItemBaseClass" TYPE="boolean">
    <QUALIFIER NAME="CIMTYPE" PROPAGATED="true" TYPE="string" TOINSTANCE="true">
      <VALUE>boolean</VALUE>
    </QUALIFIER>
    <VALUE>FALSE</VALUE>
  </PROPERTY>
  <PROPERTY NAME="IsSuperseding" CLASSORIGIN="SMS_Application" TYPE="boolean">
    <QUALIFIER NAME="CIMTYPE" PROPAGATED="true" TYPE="string" TOINSTANCE="true">
      <VALUE>boolean</VALUE>
    </QUALIFIER>
    <VALUE>FALSE</VALUE>
  </PROPERTY>
  <PROPERTY NAME="IsUserDefined" CLASSORIGIN="SMS_ConfigurationItemBaseClass" TYPE="boolean">
    <QUALIFIER NAME="CIMTYPE" PROPAGATED="true" TYPE="string" TOINSTANCE="true">
      <VALUE>boolean</VALUE>
    </QUALIFIER>
    <VALUE>TRUE</VALUE>
  </PROPERTY>
  <PROPERTY NAME="IsVersionCompatible" CLASSORIGIN="SMS_ConfigurationItemBaseClass" TYPE="boolean">
    <QUALIFIER NAME="CIMTYPE" PROPAGATED="true" TYPE="string" TOINSTANCE="true">
      <VALUE>boolean</VALUE>
    </QUALIFIER>
  </PROPERTY>
  <PROPERTY NAME="LastModifiedBy" CLASSORIGIN="SMS_ConfigurationItemBaseClass" TYPE="string">
    <QUALIFIER NAME="CIMTYPE" PROPAGATED="true" TYPE="string" TOINSTANCE="true">
      <VALUE>string</VALUE>
    </QUALIFIER>
    <VALUE>VIAMONSTRA\Administrator</VALUE>
  </PROPERTY>
  <PROPERTY.ARRAY NAME="LocalizedCategoryInstanceNames" CLASSORIGIN="SMS_ConfigurationItemBaseClass" TYPE="string">
    <QUALIFIER NAME="CIMTYPE" PROPAGATED="true" TYPE="string" TOINSTANCE="true">
      <VALUE>string</VALUE>
    </QUALIFIER>
    <VALUE.ARRAY></VALUE.ARRAY>
  </PROPERTY.ARRAY>
  <PROPERTY NAME="LocalizedDescription" CLASSORIGIN="SMS_ConfigurationItemBaseClass" TYPE="string">
    <QUALIFIER NAME="CIMTYPE" PROPAGATED="true" TYPE="string" TOINSTANCE="true">
      <VALUE>string</VALUE>
    </QUALIFIER>
    <VALUE></VALUE>
  </PROPERTY>
  <PROPERTY NAME="LocalizedDisplayName" CLASSORIGIN="SMS_ConfigurationItemBaseClass" TYPE="string">
    <QUALIFIER NAME="CIMTYPE" PROPAGATED="true" TYPE="string" TOINSTANCE="true">
      <VALUE>string</VALUE>
    </QUALIFIER>
    <VALUE>Windows Assessment and Deployment Kit WinPE Add-on - version 2004</VALUE>
  </PROPERTY>
  <PROPERTY NAME="LocalizedInformativeURL" CLASSORIGIN="SMS_ConfigurationItemBaseClass" TYPE="string">
    <QUALIFIER NAME="CIMTYPE" PROPAGATED="true" TYPE="string" TOINSTANCE="true">
      <VALUE>string</VALUE>
    </QUALIFIER>
    <VALUE></VALUE>
  </PROPERTY>
  <PROPERTY NAME="LocalizedPropertyLocaleID" CLASSORIGIN="SMS_ConfigurationItemBaseClass" TYPE="uint32">
    <QUALIFIER NAME="CIMTYPE" PROPAGATED="true" TYPE="string" TOINSTANCE="true">
      <VALUE>uint32</VALUE>
    </QUALIFIER>
    <VALUE>65535</VALUE>
  </PROPERTY>
  <PROPERTY NAME="LogonRequirement" CLASSORIGIN="SMS_Application" TYPE="uint32">
    <QUALIFIER NAME="CIMTYPE" PROPAGATED="true" TYPE="string" TOINSTANCE="true">
      <VALUE>uint32</VALUE>
    </QUALIFIER>
    <VALUE>0</VALUE>
  </PROPERTY>
  <PROPERTY NAME="Manufacturer" CLASSORIGIN="SMS_Application" TYPE="string">
    <QUALIFIER NAME="CIMTYPE" PROPAGATED="true" TYPE="string" TOINSTANCE="true">
      <VALUE>string</VALUE>
    </QUALIFIER>
    <VALUE>Microsoft</VALUE>
  </PROPERTY>
  <PROPERTY NAME="ModelID" CLASSORIGIN="SMS_ConfigurationItemBaseClass" TYPE="uint32">
    <QUALIFIER NAME="CIMTYPE" PROPAGATED="true" TYPE="string" TOINSTANCE="true">
      <VALUE>uint32</VALUE>
    </QUALIFIER>
    <VALUE>16778612</VALUE>
  </PROPERTY>
  <PROPERTY NAME="ModelName" CLASSORIGIN="SMS_ConfigurationItemBaseClass" TYPE="string">
    <QUALIFIER NAME="CIMTYPE" PROPAGATED="true" TYPE="string" TOINSTANCE="true">
      <VALUE>string</VALUE>
    </QUALIFIER>
    <VALUE>ScopeId_6AD5E4BF-8C0C-4106-A43C-F604267D7FCD/Application_39384951-c2c2-4638-a91b-b18ea2acb175</VALUE>
  </PROPERTY>
  <PROPERTY NAME="NumberOfDependentDTs" CLASSORIGIN="SMS_Application" TYPE="uint32">
    <QUALIFIER NAME="CIMTYPE" PROPAGATED="true" TYPE="string" TOINSTANCE="true">
      <VALUE>uint32</VALUE>
    </QUALIFIER>
    <VALUE>0</VALUE>
  </PROPERTY>
  <PROPERTY NAME="NumberOfDependentTS" CLASSORIGIN="SMS_Application" TYPE="uint32">
    <QUALIFIER NAME="CIMTYPE" PROPAGATED="true" TYPE="string" TOINSTANCE="true">
      <VALUE>uint32</VALUE>
    </QUALIFIER>
    <VALUE>1</VALUE>
  </PROPERTY>
  <PROPERTY NAME="NumberOfDeployments" CLASSORIGIN="SMS_Application" TYPE="uint32">
    <QUALIFIER NAME="CIMTYPE" PROPAGATED="true" TYPE="string" TOINSTANCE="true">
      <VALUE>uint32</VALUE>
    </QUALIFIER>
    <VALUE>0</VALUE>
  </PROPERTY>
  <PROPERTY NAME="NumberOfDeploymentTypes" CLASSORIGIN="SMS_Application" TYPE="uint32">
    <QUALIFIER NAME="CIMTYPE" PROPAGATED="true" TYPE="string" TOINSTANCE="true">
      <VALUE>uint32</VALUE>
    </QUALIFIER>
    <VALUE>1</VALUE>
  </PROPERTY>
  <PROPERTY NAME="NumberOfDevicesWithApp" CLASSORIGIN="SMS_Application" TYPE="uint32">
    <QUALIFIER NAME="CIMTYPE" PROPAGATED="true" TYPE="string" TOINSTANCE="true">
      <VALUE>uint32</VALUE>
    </QUALIFIER>
    <VALUE>2</VALUE>
  </PROPERTY>
  <PROPERTY NAME="NumberOfDevicesWithFailure" CLASSORIGIN="SMS_Application" TYPE="uint32">
    <QUALIFIER NAME="CIMTYPE" PROPAGATED="true" TYPE="string" TOINSTANCE="true">
      <VALUE>uint32</VALUE>
    </QUALIFIER>
    <VALUE>0</VALUE>
  </PROPERTY>
  <PROPERTY NAME="NumberOfSettings" CLASSORIGIN="SMS_Application" TYPE="uint32">
    <QUALIFIER NAME="CIMTYPE" PROPAGATED="true" TYPE="string" TOINSTANCE="true">
      <VALUE>uint32</VALUE>
    </QUALIFIER>
    <VALUE>0</VALUE>
  </PROPERTY>
  <PROPERTY NAME="NumberOfUsersWithApp" CLASSORIGIN="SMS_Application" TYPE="uint32">
    <QUALIFIER NAME="CIMTYPE" PROPAGATED="true" TYPE="string" TOINSTANCE="true">
      <VALUE>uint32</VALUE>
    </QUALIFIER>
    <VALUE>0</VALUE>
  </PROPERTY>
  <PROPERTY NAME="NumberOfUsersWithFailure" CLASSORIGIN="SMS_Application" TYPE="uint32">
    <QUALIFIER NAME="CIMTYPE" PROPAGATED="true" TYPE="string" TOINSTANCE="true">
      <VALUE>uint32</VALUE>
    </QUALIFIER>
    <VALUE>0</VALUE>
  </PROPERTY>
  <PROPERTY NAME="NumberOfUsersWithRequest" CLASSORIGIN="SMS_Application" TYPE="uint32">
    <QUALIFIER NAME="CIMTYPE" PROPAGATED="true" TYPE="string" TOINSTANCE="true">
      <VALUE>uint32</VALUE>
    </QUALIFIER>
    <VALUE>0</VALUE>
  </PROPERTY>
  <PROPERTY NAME="NumberOfVirtualEnvironments" CLASSORIGIN="SMS_Application" TYPE="uint32">
    <QUALIFIER NAME="CIMTYPE" PROPAGATED="true" TYPE="string" TOINSTANCE="true">
      <VALUE>uint32</VALUE>
    </QUALIFIER>
    <VALUE>0</VALUE>
  </PROPERTY>
  <PROPERTY NAME="PackageID" CLASSORIGIN="SMS_Application" TYPE="string">
    <QUALIFIER NAME="CIMTYPE" PROPAGATED="true" TYPE="string" TOINSTANCE="true">
      <VALUE>string</VALUE>
    </QUALIFIER>
    <VALUE>PS100087</VALUE>
  </PROPERTY>
  <PROPERTY NAME="PermittedUses" CLASSORIGIN="SMS_ConfigurationItemBaseClass" TYPE="uint32">
    <QUALIFIER NAME="CIMTYPE" PROPAGATED="true" TYPE="string" TOINSTANCE="true">
      <VALUE>uint32</VALUE>
    </QUALIFIER>
    <VALUE>0</VALUE>
  </PROPERTY>
  <PROPERTY.ARRAY NAME="PlatformCategoryInstance_UniqueIDs" CLASSORIGIN="SMS_ConfigurationItemBaseClass" TYPE="string">
    <QUALIFIER NAME="CIMTYPE" PROPAGATED="true" TYPE="string" TOINSTANCE="true">
      <VALUE>string</VALUE>
    </QUALIFIER>
    <VALUE.ARRAY></VALUE.ARRAY>
  </PROPERTY.ARRAY>
  <PROPERTY NAME="PlatformType" CLASSORIGIN="SMS_ConfigurationItemBaseClass" TYPE="uint32">
    <QUALIFIER NAME="CIMTYPE" PROPAGATED="true" TYPE="string" TOINSTANCE="true">
      <VALUE>uint32</VALUE>
    </QUALIFIER>
    <VALUE>1</VALUE>
  </PROPERTY>
  <PROPERTY.OBJECTARRAY NAME="SDMPackageLocalizedData" CLASSORIGIN="SMS_ConfigurationItemBaseClass" PROPAGATED="true" REFERENCECLASS="SMS_SDMPackageLocalizedData">
    <QUALIFIER NAME="CIMTYPE" PROPAGATED="true" TYPE="string" TOINSTANCE="true">
      <VALUE>object:SMS_SDMPackageLocalizedData</VALUE>
    </QUALIFIER>
  </PROPERTY.OBJECTARRAY>
  <PROPERTY NAME="SDMPackageVersion" CLASSORIGIN="SMS_ConfigurationItemBaseClass" TYPE="uint32">
    <QUALIFIER NAME="CIMTYPE" PROPAGATED="true" TYPE="string" TOINSTANCE="true">
      <VALUE>uint32</VALUE>
    </QUALIFIER>
    <VALUE>3</VALUE>
  </PROPERTY>
  <PROPERTY NAME="SDMPackageXML" CLASSORIGIN="SMS_ConfigurationItemBaseClass" TYPE="string">
    <QUALIFIER NAME="CIMTYPE" PROPAGATED="true" TYPE="string" TOINSTANCE="true">
      <VALUE>string</VALUE>
    </QUALIFIER>
    <VALUE><![CDATA[<?xml version="1.0" encoding="utf-16"?><AppMgmtDigest xmlns="http://schemas.microsoft.com/SystemCenterConfigurationManager/2009/AppMgmtDigest" xmlns:xsi="http://www.w3.org/2001/XMLSchema-instance"><Application AuthoringScopeId="ScopeId_6AD5E4BF-8C0C-4106-A43C-F604267D7FCD" LogicalName="Application_39384951-c2c2-4638-a91b-b18ea2acb175" Version="3"><DisplayInfo DefaultLanguage="en-US"><Info Language="en-US"><Title>Windows Assessment and Deployment Kit WinPE Add-on - version 2004</Title><Publisher>Microsoft</Publisher><Version>10.1.19041.1</Version></Info></DisplayInfo><DeploymentTypes><DeploymentType AuthoringScopeId="ScopeId_6AD5E4BF-8C0C-4106-A43C-F604267D7FCD" LogicalName="DeploymentType_b4138228-5c90-40cc-8177-f64674be76d6" Version="2"/></DeploymentTypes><Title ResourceId="Res_1701436935">Windows Assessment and Deployment Kit WinPE Add-on - version 2004</Title><Publisher ResourceId="Res_1492683393">Microsoft</Publisher><SoftwareVersion ResourceId="Res_2107694652">10.1.19041.1</SoftwareVersion><AutoInstall>true</AutoInstall><Owners><User Qualifier="LogonName" Id="Administrator"/></Owners><Contacts><User Qualifier="LogonName" Id="Administrator"/></Contacts></Application><DeploymentType AuthoringScopeId="ScopeId_6AD5E4BF-8C0C-4106-A43C-F604267D7FCD" LogicalName="DeploymentType_b4138228-5c90-40cc-8177-f64674be76d6" Version="2"><Title ResourceId="Res_518099119">Windows ADK WinPE Add-on</Title><Description ResourceId="Res_496505319"/><DeploymentTechnology>GLOBAL/MSIDeploymentTechnology</DeploymentTechnology><Technology>MSI</Technology><Hosting>Native</Hosting><Installer Technology="MSI"><ExecutionContext>System</ExecutionContext><Contents><Content ContentId="Content_8b6a4287-e01d-4523-864f-c699d1db7e3a" Version="1"><File Name="adkwinpesetup.exe" Size="1359048"/><File Name="Installers\0b63b7c537782729483bff2d64a620fa.cab" Size="18824"/><File Name="Installers\5203003bf5041522b502d2e483216ec0.cab" Size="189091445"/><File Name="Installers\690b8ac88bc08254d351654d56805aea.cab" Size="199401653"/><File Name="Installers\6d3c63e785ac9ac618ae3f1416062098.cab" Size="266840530"/><File Name="Installers\78ec5a6bf483ef155dc2a311e526f8a5.cab" Size="355544319"/><File Name="Installers\8bb1cf01f3ce1952f356d0aff91dbb2f.cab" Size="437967951"/><File Name="Installers\9722214af0ab8aa9dffb6cfdafd937b7.cab" Size="634307232"/><File Name="Installers\a32918368eba6a062aaaaf73e3618131.cab" Size="576678676"/><File Name="Installers\aa25d18a5fcce134b0b89fb003ec99ff.cab" Size="1722631"/><File Name="Installers\d79674314954a7700d9ee837e5c393aa.cab" Size="205706931"/><File Name="Installers\Kits Configuration Installer-x86_en-us.msi" Size="380928"/><File Name="Installers\Windows PE ARM ARM64 wims-x86_en-us.msi" Size="397312"/><File Name="Installers\Windows PE ARM ARM64-x86_en-us.msi" Size="786432"/><File Name="Installers\Windows PE x86 x64 wims-x86_en-us.msi" Size="401408"/><File Name="Installers\Windows PE x86 x64-x86_en-us.msi" Size="851968"/><Location>\\CM01\Applications\Microsoft\ADK\ADK 2004\WinPE Add-on\</Location><PeerCache>true</PeerCache><OnFastNetwork>Download</OnFastNetwork><OnSlowNetwork>DoNothing</OnSlowNetwork></Content></Contents><DetectAction><Provider>Local</Provider><Args><Arg Name="ExecutionContext" Type="String">System</Arg><Arg Name="MethodBody" Type="String">&lt;?xml version="1.0" encoding="utf-16"?&gt;
&lt;EnhancedDetectionMethod xmlns="http://schemas.microsoft.com/SystemCenterConfigurationManager/2009/AppMgmtDigest"&gt;
  &lt;Settings xmlns="http://schemas.microsoft.com/SystemCenterConfigurationManager/2009/AppMgmtDigest"&gt;
    &lt;SimpleSetting LogicalName="RegSetting_495f0dd8-baff-4a8b-a620-7e5363bbc8bd" DataType="String" xmlns="http://schemas.microsoft.com/SystemsCenterConfigurationManager/2009/07/10/DesiredConfiguration"&gt;
      &lt;Annotation xmlns="http://schemas.microsoft.com/SystemsCenterConfigurationManager/2009/06/14/Rules"&gt;
        &lt;DisplayName Text="" /&gt;
        &lt;Description Text="" /&gt;
      &lt;/Annotation&gt;
      &lt;RegistryDiscoverySource Hive="HKEY_LOCAL_MACHINE" Depth="Base" Is64Bit="true" CreateMissingPath="true"&gt;
        &lt;Key&gt;SOFTWARE\WOW6432Node\Microsoft\Windows\CurrentVersion\Uninstall\{353df250-4ecc-4656-a950-4df93078a5fd}&lt;/Key&gt;
        &lt;ValueName&gt;DisplayVersion&lt;/ValueName&gt;
      &lt;/RegistryDiscoverySource&gt;
    &lt;/SimpleSetting&gt;
  &lt;/Settings&gt;
  &lt;Rule id="ScopeId_6AD5E4BF-8C0C-4106-A43C-F604267D7FCD/DeploymentType_b4138228-5c90-40cc-8177-f64674be76d6" Severity="Informational" NonCompliantWhenSettingIsNotFound="false" xmlns="http://schemas.microsoft.com/SystemsCenterConfigurationManager/2009/06/14/Rules"&gt;
    &lt;Annotation&gt;
      &lt;DisplayName Text="" /&gt;
      &lt;Description Text="" /&gt;
    &lt;/Annotation&gt;
    &lt;Expression&gt;
      &lt;Operator&gt;Equals&lt;/Operator&gt;
      &lt;Operands&gt;
        &lt;SettingReference AuthoringScopeId="ScopeId_6AD5E4BF-8C0C-4106-A43C-F604267D7FCD" LogicalName="Application_39384951-c2c2-4638-a91b-b18ea2acb175" Version="1" DataType="String" SettingLogicalName="RegSetting_495f0dd8-baff-4a8b-a620-7e5363bbc8bd" SettingSourceType="Registry" Method="Value" Changeable="false" /&gt;
        &lt;ConstantValue Value="10.1.19041.1" DataType="String" /&gt;
      &lt;/Operands&gt;
    &lt;/Expression&gt;
  &lt;/Rule&gt;
&lt;/EnhancedDetectionMethod&gt;</Arg></Args></DetectAction><InstallAction><Provider>MSI</Provider><Args><Arg Name="InstallCommandLine" Type="String">adkwinpesetup.exe /Features OptionId.WindowsPreinstallationEnvironment /norestart /quiet /ceip off</Arg><Arg Name="WorkingDirectory" Type="String"/><Arg Name="ExecutionContext" Type="String">System</Arg><Arg Name="RequiresLogOn" Type="String"/><Arg Name="RequiresElevatedRights" Type="Boolean">false</Arg><Arg Name="RequiresUserInteraction" Type="Boolean">false</Arg><Arg Name="RequiresReboot" Type="Boolean">false</Arg><Arg Name="UserInteractionMode" Type="String">Hidden</Arg><Arg Name="PostInstallBehavior" Type="String">BasedOnExitCode</Arg><Arg Name="ExecuteTime" Type="Int32">0</Arg><Arg Name="MaxExecuteTime" Type="Int32">120</Arg><Arg Name="RunAs32Bit" Type="Boolean">false</Arg><Arg Name="SuccessExitCodes" Type="Int32[]"><Item>0</Item><Item>1707</Item></Arg><Arg Name="RebootExitCodes" Type="Int32[]"><Item>3010</Item></Arg><Arg Name="HardRebootExitCodes" Type="Int32[]"><Item>1641</Item></Arg><Arg Name="FastRetryExitCodes" Type="Int32[]"><Item>1618</Item></Arg></Args><Contents><Content ContentId="Content_8b6a4287-e01d-4523-864f-c699d1db7e3a" Version="1"/></Contents></InstallAction><UninstallAction><Provider>MSI</Provider><Args><Arg Name="InstallCommandLine" Type="String">"C:\ProgramData\Package Cache\{353df250-4ecc-4656-a950-4df93078a5fd}\adkwinpesetup.exe" /uninstall /quiet</Arg><Arg Name="WorkingDirectory" Type="String"/><Arg Name="ExecutionContext" Type="String">System</Arg><Arg Name="RequiresLogOn" Type="String"/><Arg Name="RequiresElevatedRights" Type="Boolean">false</Arg><Arg Name="RequiresUserInteraction" Type="Boolean">false</Arg><Arg Name="RequiresReboot" Type="Boolean">false</Arg><Arg Name="UserInteractionMode" Type="String">Hidden</Arg><Arg Name="PostInstallBehavior" Type="String">BasedOnExitCode</Arg><Arg Name="ExecuteTime" Type="Int32">0</Arg><Arg Name="MaxExecuteTime" Type="Int32">120</Arg><Arg Name="RunAs32Bit" Type="Boolean">false</Arg><Arg Name="SuccessExitCodes" Type="Int32[]"><Item>0</Item><Item>1707</Item></Arg><Arg Name="RebootExitCodes" Type="Int32[]"><Item>3010</Item></Arg><Arg Name="HardRebootExitCodes" Type="Int32[]"><Item>1641</Item></Arg><Arg Name="FastRetryExitCodes" Type="Int32[]"><Item>1618</Item></Arg></Args><Contents><Content ContentId="Content_8b6a4287-e01d-4523-864f-c699d1db7e3a" Version="1"/></Contents></UninstallAction><CustomData><DetectionMethod>Enhanced</DetectionMethod><EnhancedDetectionMethod><Settings xmlns="http://schemas.microsoft.com/SystemCenterConfigurationManager/2009/AppMgmtDigest"><SimpleSetting xmlns="http://schemas.microsoft.com/SystemsCenterConfigurationManager/2009/07/10/DesiredConfiguration" LogicalName="RegSetting_495f0dd8-baff-4a8b-a620-7e5363bbc8bd" DataType="String"><Annotation xmlns="http://schemas.microsoft.com/SystemsCenterConfigurationManager/2009/06/14/Rules"><DisplayName Text=""/><Description Text=""/></Annotation><RegistryDiscoverySource Hive="HKEY_LOCAL_MACHINE" Depth="Base" Is64Bit="true" CreateMissingPath="true"><Key>SOFTWARE\WOW6432Node\Microsoft\Windows\CurrentVersion\Uninstall\{353df250-4ecc-4656-a950-4df93078a5fd}</Key><ValueName>DisplayVersion</ValueName></RegistryDiscoverySource></SimpleSetting></Settings><Rule xmlns="http://schemas.microsoft.com/SystemsCenterConfigurationManager/2009/06/14/Rules" id="ScopeId_6AD5E4BF-8C0C-4106-A43C-F604267D7FCD/DeploymentType_b4138228-5c90-40cc-8177-f64674be76d6" Severity="Informational" NonCompliantWhenSettingIsNotFound="false"><Annotation><DisplayName Text=""/><Description Text=""/></Annotation><Expression><Operator>Equals</Operator><Operands><SettingReference AuthoringScopeId="ScopeId_6AD5E4BF-8C0C-4106-A43C-F604267D7FCD" LogicalName="Application_39384951-c2c2-4638-a91b-b18ea2acb175" Version="1" DataType="String" SettingLogicalName="RegSetting_495f0dd8-baff-4a8b-a620-7e5363bbc8bd" SettingSourceType="Registry" Method="Value" Changeable="false"/><ConstantValue Value="10.1.19041.1" DataType="String"/></Operands></Expression></Rule></EnhancedDetectionMethod><InstallCommandLine>adkwinpesetup.exe /Features OptionId.WindowsPreinstallationEnvironment /norestart /quiet /ceip off</InstallCommandLine><InstallContent ContentId="Content_8b6a4287-e01d-4523-864f-c699d1db7e3a" Version="1"/><UninstallContent ContentId="Content_8b6a4287-e01d-4523-864f-c699d1db7e3a" Version="1"/><UninstallSetting>SameAsInstall</UninstallSetting><InstallFolder/><UninstallCommandLine>"C:\ProgramData\Package Cache\{353df250-4ecc-4656-a950-4df93078a5fd}\adkwinpesetup.exe" /uninstall /quiet</UninstallCommandLine><UninstallFolder/><RepairCommandLine/><RepairFolder/><ExitCodes><ExitCode Code="0" Class="Success"/><ExitCode Code="1707" Class="Success"/><ExitCode Code="3010" Class="SoftReboot"/><ExitCode Code="1641" Class="HardReboot"/><ExitCode Code="1618" Class="FastRetry"/></ExitCodes><UserInteractionMode>Hidden</UserInteractionMode><AllowUninstall>true</AllowUninstall></CustomData></Installer></DeploymentType></AppMgmtDigest>]]></VALUE>
  </PROPERTY>
  <PROPERTY.ARRAY NAME="SecuredScopeNames" CLASSORIGIN="SMS_ConfigurationItemBaseClass" TYPE="string">
    <QUALIFIER NAME="CIMTYPE" PROPAGATED="true" TYPE="string" TOINSTANCE="true">
      <VALUE>string</VALUE>
    </QUALIFIER>
    <VALUE.ARRAY>
      <VALUE>Default</VALUE>
    </VALUE.ARRAY>
  </PROPERTY.ARRAY>
  <PROPERTY NAME="SedoObjectVersion" CLASSORIGIN="SMS_ConfigurationItemBaseClass" TYPE="string">
    <QUALIFIER NAME="CIMTYPE" PROPAGATED="true" TYPE="string" TOINSTANCE="true">
      <VALUE>string</VALUE>
    </QUALIFIER>
    <VALUE>F3172EC9-071D-44BD-89AB-9F3978B5B70E</VALUE>
  </PROPERTY>
  <PROPERTY NAME="SoftwareVersion" CLASSORIGIN="SMS_Application" TYPE="string">
    <QUALIFIER NAME="CIMTYPE" PROPAGATED="true" TYPE="string" TOINSTANCE="true">
      <VALUE>string</VALUE>
    </QUALIFIER>
    <VALUE>10.1.19041.1</VALUE>
  </PROPERTY>
  <PROPERTY NAME="SourceCIVersion" CLASSORIGIN="SMS_Application" TYPE="uint32">
    <QUALIFIER NAME="CIMTYPE" PROPAGATED="true" TYPE="string" TOINSTANCE="true">
      <VALUE>uint32</VALUE>
    </QUALIFIER>
    <VALUE>0</VALUE>
  </PROPERTY>
  <PROPERTY NAME="SourceModelName" CLASSORIGIN="SMS_Application" TYPE="string">
    <QUALIFIER NAME="CIMTYPE" PROPAGATED="true" TYPE="string" TOINSTANCE="true">
      <VALUE>string</VALUE>
    </QUALIFIER>
    <VALUE></VALUE>
  </PROPERTY>
  <PROPERTY NAME="SourceSite" CLASSORIGIN="SMS_ConfigurationItemBaseClass" TYPE="string">
    <QUALIFIER NAME="CIMTYPE" PROPAGATED="true" TYPE="string" TOINSTANCE="true">
      <VALUE>string</VALUE>
    </QUALIFIER>
    <VALUE>PS1</VALUE>
  </PROPERTY>
  <PROPERTY NAME="SummarizationTime" CLASSORIGIN="SMS_Application" TYPE="datetime">
    <QUALIFIER NAME="CIMTYPE" PROPAGATED="true" TYPE="string" TOINSTANCE="true">
      <VALUE>datetime</VALUE>
    </QUALIFIER>
    <VALUE>20200520080552.000000+000</VALUE>
  </PROPERTY>
</INSTANCE>