﻿<LibraryDocument xmlns:xsi="http://www.w3.org/2001/XMLSchema-instance" xmlns:xsd="http://www.w3.org/2001/XMLSchema">
  <Properties>
    <Property Name="AUTHORING_SCOPE" Value="ScopeId_6AD5E4BF-8C0C-4106-A43C-F604267D7FCD" />
  </Properties>
  <Contents />
  <EntryObjects>
    <Object Path="SMS_Application.CIVersion=3,ModelName='ScopeId_6AD5E4BF-8C0C-4106-A43C-F604267D7FCD/Application_39384951-c2c2-4638-a91b-b18ea2acb175'" Type="SMS_Application" />
    <Object Path="SMS_Application.CIVersion=5,ModelName='ScopeId_6AD5E4BF-8C0C-4106-A43C-F604267D7FCD/Application_cd960005-4c96-46d1-a687-4de89416aa86'" Type="SMS_Application" />
    <Object Path="SMS_TaskSequencePackage.PackageID='PS100088'" Type="SMS_TaskSequencePackage" />
  </EntryObjects>
</LibraryDocument>